date,open,high,low,close
2013-03-25,1.955,1.963,1.935,1.949
2013-03-26,1.941,1.943,1.896,1.916
2013-03-27,1.916,1.949,1.914,1.924
2013-03-28,1.910,1.910,1.854,1.862
2013-03-29,1.864,1.870,1.846,1.858
2013-04-01,1.850,1.866,1.842,1.860
2013-04-02,1.856,1.882,1.846,1.852
2013-04-03,1.852,1.868,1.844,1.846
2013-04-08,1.834,1.842,1.774,1.840
2013-04-09,1.840,1.868,1.840,1.854
2013-04-10,1.844,1.860,1.840,1.852
2013-04-11,1.848,1.870,1.842,1.844
2013-04-12,1.834,1.854,1.828,1.832
2013-04-15,1.828,1.828,1.804,1.816
2013-04-16,1.800,1.834,1.794,1.828
2013-04-17,1.828,1.832,1.812,1.832
2013-04-18,1.766,1.840,1.766,1.832
2013-04-19,1.836,1.896,1.836,1.892
2013-04-22,1.890,1.896,1.878,1.886
2013-04-23,1.882,1.882,1.820,1.826
2013-04-24,1.826,1.870,1.826,1.860
2013-04-25,1.846,1.866,1.834,1.842
2013-04-26,1.800,1.848,1.800,1.822
2013-05-02,1.820,1.836,1.806,1.820
2013-05-03,1.824,1.884,1.824,1.862
2013-05-06,1.862,1.888,1.862,1.880
2013-05-07,1.880,1.892,1.870,1.886
2013-05-08,1.900,1.916,1.886,1.898
2013-05-09,1.890,1.896,1.866,1.886
2013-05-10,1.880,1.900,1.878,1.894
2013-05-13,1.900,1.900,1.874,1.884
2013-05-14,1.884,1.886,1.844,1.852
2013-05-15,1.862,1.870,1.856,1.870
2013-05-16,1.870,1.904,1.854,1.900
2013-05-17,1.908,1.945,1.892,1.935
2013-05-20,1.904,1.969,1.904,1.955
2013-05-21,1.943,1.961,1.943,1.955
2013-05-22,1.945,1.969,1.945,1.959
2013-05-23,1.949,1.965,1.931,1.933
2013-05-24,1.949,1.951,1.929,1.947
2013-05-27,1.941,1.955,1.939,1.945
2013-05-28,1.943,1.981,1.937,1.979
2013-05-29,1.989,2.001,1.983,1.983
2013-05-30,1.983,1.993,1.969,1.977
2013-05-31,1.971,1.987,1.945,1.945
2013-06-03,1.953,1.967,1.947,1.955
2013-06-04,1.955,2.011,1.922,1.931
2013-06-05,1.931,1.933,1.916,1.920
2013-06-06,1.916,1.922,1.902,1.902
2013-06-07,1.902,1.910,1.858,1.880
2013-06-13,1.862,1.862,1.782,1.792
2013-06-14,1.804,1.814,1.798,1.814
2013-06-17,1.824,1.824,1.800,1.804
2013-06-18,1.818,1.822,1.792,1.816
2013-06-19,1.818,1.818,1.776,1.806
2013-06-20,1.788,1.792,1.744,1.756
2013-06-21,1.740,1.750,1.700,1.734
2013-06-24,1.750,1.752,1.620,1.734
2013-06-25,1.606,1.680,1.552,1.614
2013-06-26,1.614,1.636,1.550,1.616
2013-06-27,1.640,1.652,1.610,1.624
2013-06-28,1.620,1.680,1.620,1.650
2013-07-01,1.648,1.662,1.610,1.660
2013-07-02,1.660,1.672,1.650,1.666
2013-07-03,1.658,1.660,1.630,1.658
2013-07-04,1.638,1.686,1.636,1.666
2013-07-05,1.638,1.694,1.638,1.678
2013-07-08,1.678,1.678,1.622,1.634
2013-07-09,1.636,1.640,1.626,1.640
2013-07-10,1.642,1.680,1.626,1.678
2013-07-11,1.700,1.780,1.686,1.764
2013-07-12,1.764,1.764,1.720,1.720
2013-07-15,1.740,1.760,1.722,1.738
2013-07-16,1.740,1.756,1.722,1.752
2013-07-17,1.758,1.758,1.730,1.732
2013-07-18,1.720,1.722,1.692,1.698
2013-07-19,1.698,1.710,1.656,1.656
2013-07-22,1.636,1.670,1.636,1.660
2013-07-23,1.670,1.732,1.670,1.712
2013-07-24,1.712,1.716,1.676,1.700
2013-07-25,1.660,1.738,1.656,1.696
2013-07-26,1.690,1.692,1.674,1.680
2013-07-29,1.664,1.664,1.642,1.642
2013-07-30,1.814,1.814,1.642,1.668
2013-07-31,1.656,1.690,1.656,1.664
2013-08-01,1.680,1.702,1.680,1.700
2013-08-02,1.720,1.728,1.704,1.704
2013-08-05,1.700,1.730,1.700,1.730
2013-08-06,1.724,1.752,1.716,1.748
2013-08-07,1.748,1.756,1.730,1.732
2013-08-08,1.730,1.744,1.720,1.720
2013-08-09,1.746,1.746,1.712,1.732
2013-08-12,1.750,1.790,1.746,1.790
2013-08-13,1.788,1.796,1.780,1.788
2013-08-14,1.808,1.816,1.790,1.790
2013-08-15,1.772,1.794,1.766,1.766
2013-08-16,1.752,1.860,1.748,1.756
2013-08-19,1.754,1.780,1.740,1.774
2013-08-20,1.796,1.796,1.754,1.756
2013-08-21,1.770,1.770,1.744,1.752
2013-08-22,1.750,1.816,1.750,1.756
2013-08-23,1.768,1.768,1.720,1.740
2013-08-26,1.742,1.780,1.742,1.778
2013-08-27,1.776,1.784,1.766,1.778
2013-08-28,1.780,1.784,1.760,1.776
2013-08-29,1.774,1.780,1.758,1.764
2013-08-30,1.762,1.772,1.756,1.756
2013-09-02,1.758,1.768,1.752,1.768
2013-09-03,1.770,1.790,1.768,1.790
2013-09-04,1.788,1.792,1.784,1.786
2013-09-05,1.784,1.786,1.774,1.780
2013-09-06,1.782,1.798,1.780,1.798
2013-09-09,1.800,1.870,1.800,1.858
2013-09-10,1.860,1.888,1.860,1.888
2013-09-11,1.890,1.912,1.888,1.898
2013-09-12,1.896,1.931,1.886,1.920
2013-09-13,1.918,1.920,1.898,1.902
2013-09-16,1.904,1.914,1.888,1.892
2013-09-17,1.882,1.882,1.852,1.854
2013-09-18,1.856,1.864,1.844,1.860
2013-09-23,1.860,1.896,1.860,1.896
2013-09-24,1.880,1.880,1.852,1.870
2013-09-25,1.860,1.876,1.852,1.860
2013-09-26,1.820,1.844,1.820,1.826
2013-09-27,1.826,1.836,1.820,1.824
2013-09-30,1.844,1.848,1.832,1.844
2013-10-08,1.836,1.874,1.832,1.864
2013-10-09,1.860,1.920,1.860,1.876
2013-10-10,1.876,1.876,1.854,1.858
2013-10-11,1.916,1.916,1.866,1.888
2013-10-14,1.920,1.920,1.880,1.890
2013-10-15,1.890,1.896,1.874,1.886
2013-10-16,1.876,1.876,1.840,1.844
2013-10-17,1.872,1.872,1.840,1.842
2013-10-18,1.840,1.862,1.840,1.852
2013-10-21,1.850,1.892,1.850,1.884
2013-10-22,1.882,1.884,1.864,1.868
2013-10-23,1.870,1.886,1.840,1.846
2013-10-24,1.844,1.848,1.830,1.830
2013-10-25,1.828,1.838,1.792,1.804
2013-10-28,1.802,1.812,1.796,1.806
2013-10-29,1.808,1.836,1.776,1.808
2013-10-30,1.806,1.840,1.800,1.840
2013-10-31,1.840,1.840,1.810,1.814
2013-11-01,1.816,1.828,1.806,1.822
2013-11-04,1.824,1.838,1.814,1.814
2013-11-05,1.812,1.822,1.786,1.818
2013-11-06,1.816,1.818,1.794,1.798
2013-11-07,1.796,1.798,1.774,1.782
2013-11-08,1.780,1.786,1.754,1.760
2013-11-11,1.762,1.770,1.748,1.762
2013-11-12,1.764,1.786,1.762,1.782
2013-11-13,1.776,1.776,1.744,1.744
2013-11-14,1.746,1.756,1.736,1.754
2013-11-15,1.756,1.816,1.756,1.792
2013-11-18,1.794,1.852,1.794,1.850
2013-11-19,1.852,1.852,1.836,1.840
2013-11-20,1.846,1.858,1.836,1.848
2013-11-21,1.846,1.846,1.818,1.840
2013-11-22,1.842,1.846,1.828,1.832
2013-11-25,1.830,1.846,1.818,1.824
2013-11-26,1.826,1.828,1.816,1.822
2013-11-27,1.820,1.852,1.820,1.842
2013-11-28,1.844,1.878,1.844,1.860
2013-11-29,1.862,1.864,1.850,1.858
2013-12-02,1.854,1.874,1.828,1.840
2013-12-03,1.838,1.864,1.834,1.858
2013-12-04,1.862,1.898,1.860,1.886
2013-12-05,1.888,1.892,1.876,1.878
2013-12-06,1.876,1.880,1.868,1.870
2013-12-09,1.874,1.882,1.862,1.866
2013-12-10,1.868,1.880,1.864,1.868
2013-12-11,1.866,1.866,1.824,1.834
2013-12-12,1.836,1.842,1.830,1.830
2013-12-13,1.828,1.840,1.814,1.830
2013-12-16,1.828,1.834,1.800,1.802
2013-12-17,1.800,1.802,1.790,1.792
2013-12-18,1.794,1.798,1.784,1.790
2013-12-19,1.792,1.800,1.768,1.774
2013-12-20,1.774,1.776,1.730,1.734
2013-12-23,1.736,1.742,1.712,1.736
2013-12-24,1.740,1.758,1.722,1.736
2013-12-25,1.738,1.752,1.734,1.750
2013-12-26,1.748,1.750,1.718,1.722
2013-12-27,1.724,1.760,1.722,1.746
2013-12-30,1.748,1.754,1.738,1.748
2013-12-31,1.748,1.772,1.736,1.770
2014-01-02,1.768,1.768,1.754,1.760
2014-01-03,1.758,1.758,1.730,1.740
2014-01-06,1.738,1.738,1.690,1.700
2014-01-07,1.688,1.708,1.684,1.696
2014-01-08,1.698,1.718,1.690,1.700
2014-01-09,1.698,1.714,1.686,1.686
2014-01-10,1.688,1.690,1.672,1.672
2014-01-13,1.676,1.688,1.660,1.666
2014-01-14,1.666,1.680,1.656,1.676
2014-01-15,1.676,1.678,1.660,1.674
2014-01-16,1.676,1.686,1.668,1.676
2014-01-17,1.674,1.674,1.652,1.654
2014-01-20,1.652,1.654,1.638,1.644
2014-01-21,1.646,1.668,1.646,1.656
2014-01-22,1.658,1.702,1.658,1.702
2014-01-23,1.702,1.702,1.686,1.694
2014-01-24,1.692,1.712,1.686,1.706
2014-01-27,1.694,1.694,1.676,1.680
2014-01-28,1.682,1.696,1.674,1.686
2014-01-29,1.688,1.692,1.686,1.688
2014-01-30,1.686,1.686,1.666,1.666
2014-02-07,1.654,1.676,1.650,1.676
2014-02-10,1.682,1.722,1.682,1.718
2014-02-11,1.716,1.738,1.714,1.734
2014-02-12,1.734,1.738,1.726,1.738
2014-02-13,1.736,1.748,1.726,1.730
2014-02-14,1.730,1.740,1.728,1.738
2014-02-17,1.750,1.756,1.740,1.752
2014-02-18,1.750,1.750,1.722,1.728
2014-02-19,1.726,1.756,1.722,1.748
2014-02-20,1.750,1.768,1.732,1.738
2014-02-21,1.738,1.740,1.706,1.714
2014-02-24,1.694,1.696,1.660,1.676
2014-02-25,1.678,1.686,1.624,1.634
2014-02-26,1.624,1.636,1.612,1.634
2014-02-27,1.636,1.648,1.630,1.632
2014-02-28,1.632,1.652,1.612,1.648
2014-03-03,1.648,1.660,1.638,1.660
2014-03-04,1.646,1.656,1.638,1.652
2014-03-05,1.650,1.652,1.632,1.634
2014-03-06,1.632,1.648,1.612,1.644
2014-03-07,1.646,1.656,1.636,1.636
2014-03-10,1.620,1.622,1.580,1.588
2014-03-11,1.588,1.600,1.578,1.596
2014-03-12,1.596,1.610,1.580,1.592
2014-03-13,1.600,1.624,1.598,1.620
2014-03-14,1.610,1.620,1.594,1.602
2014-03-17,1.602,1.618,1.602,1.616
2014-03-18,1.616,1.626,1.614,1.614
2014-03-19,1.610,1.610,1.586,1.600
2014-03-20,1.594,1.612,1.578,1.580
2014-03-21,1.574,1.640,1.570,1.630
2014-03-24,1.626,1.652,1.622,1.640
2014-03-25,1.642,1.658,1.640,1.646
2014-03-26,1.650,1.658,1.636,1.642
2014-03-27,1.634,1.652,1.624,1.636
2014-03-28,1.628,1.646,1.622,1.630
2014-03-31,1.642,1.642,1.612,1.624
2014-04-01,1.624,1.646,1.624,1.638
2014-04-02,1.638,1.650,1.634,1.648
2014-04-03,1.650,1.660,1.638,1.640
2014-04-04,1.638,1.654,1.636,1.652
2014-04-08,1.652,1.698,1.652,1.698
2014-04-09,1.698,1.706,1.690,1.698
2014-04-10,1.696,1.740,1.686,1.726
2014-04-11,1.724,1.728,1.710,1.718
2014-04-14,1.720,1.722,1.708,1.718
2014-04-15,1.718,1.718,1.686,1.692
2014-04-16,1.690,1.706,1.684,1.690
2014-04-17,1.690,1.698,1.682,1.688
2014-04-18,1.686,1.692,1.662,1.686
2014-04-21,1.684,1.690,1.652,1.652
2014-04-22,1.652,1.662,1.634,1.662
2014-04-23,1.660,1.668,1.654,1.662
2014-04-24,1.660,1.674,1.656,1.658
2014-04-25,1.660,1.666,1.636,1.640
2014-04-28,1.638,1.640,1.616,1.618
2014-04-29,1.616,1.636,1.616,1.636
2014-04-30,1.634,1.636,1.628,1.634
2014-05-05,1.634,1.636,1.612,1.628
2014-05-06,1.628,1.646,1.626,1.630
2014-05-07,1.628,1.630,1.620,1.620
2014-05-08,1.618,1.644,1.616,1.618
2014-05-09,1.620,1.622,1.610,1.616
2014-05-12,1.620,1.656,1.620,1.652
2014-05-13,1.654,1.654,1.640,1.646
2014-05-14,1.648,1.652,1.642,1.646
2014-05-15,1.644,1.644,1.622,1.628
2014-05-16,1.626,1.630,1.618,1.624
2014-05-19,1.622,1.622,1.596,1.604
2014-05-20,1.606,1.614,1.598,1.602
2014-05-21,1.600,1.620,1.588,1.614
2014-05-22,1.616,1.638,1.610,1.610
2014-05-23,1.612,1.630,1.612,1.630
2014-05-26,1.632,1.644,1.628,1.638
2014-05-27,1.636,1.638,1.630,1.630
2014-05-28,1.628,1.648,1.626,1.648
2014-05-29,1.646,1.652,1.636,1.636
2014-05-30,1.638,1.644,1.630,1.636
2014-06-03,1.638,1.646,1.628,1.630
2014-06-04,1.628,1.628,1.606,1.610
2014-06-05,1.610,1.634,1.610,1.634
2014-06-06,1.636,1.636,1.610,1.620
2014-06-09,1.618,1.636,1.612,1.618
2014-06-10,1.620,1.640,1.618,1.638
2014-06-11,1.636,1.640,1.632,1.636
2014-06-12,1.634,1.640,1.632,1.636
2014-06-13,1.638,1.662,1.634,1.654
2014-06-16,1.656,1.670,1.652,1.666
2014-06-17,1.664,1.664,1.648,1.648
2014-06-18,1.650,1.656,1.644,1.648
2014-06-19,1.648,1.648,1.614,1.620
2014-06-20,1.618,1.628,1.618,1.624
2014-06-23,1.626,1.632,1.620,1.622
2014-06-24,1.624,1.638,1.624,1.638
2014-06-25,1.648,1.648,1.624,1.632
2014-06-26,1.632,1.644,1.632,1.640
2014-06-27,1.638,1.650,1.632,1.642
2014-06-30,1.644,1.658,1.644,1.654
2014-07-01,1.658,1.660,1.648,1.652
2014-07-02,1.654,1.660,1.646,1.660
2014-07-03,1.658,1.672,1.656,1.670
2014-07-04,1.668,1.672,1.664,1.668
2014-07-07,1.666,1.672,1.660,1.664
2014-07-08,1.664,1.668,1.658,1.666
2014-07-09,1.668,1.668,1.644,1.644
2014-07-10,1.646,1.650,1.642,1.644
2014-07-11,1.642,1.656,1.642,1.648
2014-07-14,1.652,1.674,1.652,1.674
2014-07-15,1.672,1.676,1.666,1.672
2014-07-16,1.670,1.680,1.666,1.668
2014-07-17,1.666,1.668,1.656,1.664
2014-07-18,1.662,1.680,1.660,1.668
2014-07-21,1.670,1.676,1.666,1.670
2014-07-22,1.668,1.700,1.668,1.692
2014-07-23,1.694,1.710,1.690,1.694
2014-07-24,1.696,1.732,1.696,1.732
2014-07-25,1.734,1.756,1.732,1.756
2014-07-28,1.754,1.808,1.754,1.800
2014-07-29,1.804,1.814,1.794,1.812
2014-07-30,1.810,1.816,1.798,1.808
2014-07-31,1.806,1.832,1.798,1.832
2014-08-01,1.834,1.844,1.806,1.806
2014-08-04,1.804,1.844,1.804,1.844
2014-08-05,1.842,1.848,1.826,1.838
2014-08-06,1.838,1.840,1.808,1.830
2014-08-07,1.830,1.836,1.806,1.808
2014-08-08,1.806,1.818,1.802,1.812
2014-08-11,1.814,1.840,1.814,1.834
2014-08-12,1.836,1.836,1.820,1.832
2014-08-13,1.830,1.840,1.810,1.830
2014-08-14,1.830,1.832,1.808,1.816
2014-08-15,1.814,1.838,1.812,1.832
2014-08-18,1.834,1.844,1.830,1.838
2014-08-19,1.840,1.846,1.828,1.840
2014-08-20,1.840,1.842,1.832,1.834
2014-08-21,1.832,1.834,1.812,1.824
2014-08-22,1.826,1.838,1.822,1.832
2014-08-25,1.834,1.836,1.818,1.824
2014-08-26,1.822,1.822,1.802,1.806
2014-08-27,1.804,1.814,1.802,1.806
2014-08-28,1.808,1.810,1.794,1.794
2014-08-29,1.796,1.818,1.796,1.818
2014-09-01,1.820,1.830,1.814,1.830
2014-09-02,1.828,1.860,1.822,1.856
2014-09-03,1.858,1.878,1.858,1.870
2014-09-04,1.872,1.888,1.866,1.888
2014-09-05,1.890,1.910,1.888,1.906
2014-09-09,1.904,1.910,1.894,1.900
2014-09-10,1.898,1.898,1.880,1.892
2014-09-11,1.890,1.918,1.876,1.880
2014-09-12,1.882,1.898,1.876,1.898
2014-09-15,1.896,1.896,1.880,1.888
2014-09-16,1.890,1.898,1.854,1.856
2014-09-17,1.858,1.866,1.852,1.862
2014-09-18,1.864,1.874,1.858,1.868
2014-09-19,1.870,1.890,1.868,1.890
2014-09-22,1.888,1.888,1.844,1.846
2014-09-23,1.846,1.866,1.846,1.860
2014-09-24,1.858,1.906,1.852,1.902
2014-09-25,1.904,1.918,1.892,1.892
2014-09-26,1.890,1.900,1.886,1.898
2014-09-29,1.898,1.908,1.892,1.900
2014-09-30,1.898,1.916,1.896,1.912
2014-10-08,1.912,1.924,1.902,1.924
2014-10-09,1.922,1.933,1.916,1.926
2014-10-10,1.924,1.926,1.906,1.912
2014-10-13,1.914,1.914,1.884,1.906
2014-10-14,1.904,1.916,1.890,1.898
2014-10-15,1.898,1.914,1.890,1.912
2014-10-16,1.910,1.926,1.902,1.904
2014-10-17,1.906,1.910,1.878,1.896
2014-10-20,1.896,1.906,1.894,1.900
2014-10-21,1.890,1.914,1.890,1.890
2014-10-22,1.892,1.896,1.878,1.882
2014-10-23,1.882,1.882,1.862,1.864
2014-10-24,1.866,1.870,1.856,1.856
2014-10-27,1.854,1.854,1.838,1.844
2014-10-28,1.846,1.882,1.846,1.882
2014-10-29,1.880,1.910,1.876,1.902
2014-10-30,1.900,1.920,1.900,1.916
2014-10-31,1.914,1.957,1.914,1.955
2014-11-03,1.953,1.961,1.947,1.951
2014-11-04,1.951,1.955,1.943,1.951
2014-11-05,1.953,1.957,1.943,1.949
2014-11-06,1.951,1.951,1.933,1.949
2014-11-07,1.951,1.977,1.935,1.951
2014-11-10,1.953,1.995,1.953,1.995
2014-11-11,1.997,2.039,1.977,1.989
2014-11-12,1.987,2.029,1.979,2.029
2014-11-13,2.031,2.035,2.005,2.019
2014-11-14,2.017,2.017,1.995,2.017
2014-11-17,2.019,2.037,2.005,2.005
2014-11-18,2.003,2.005,1.977,1.981
2014-11-19,1.983,1.989,1.973,1.981
2014-11-20,1.981,1.987,1.967,1.979
2014-11-21,1.979,2.021,1.977,2.019
2014-11-24,2.035,2.083,2.023,2.069
2014-11-25,2.069,2.097,2.067,2.095
2014-11-26,2.101,2.119,2.095,2.115
2014-11-27,2.121,2.153,2.121,2.139
2014-11-28,2.141,2.197,2.133,2.197
2014-12-01,2.195,2.225,2.187,2.203
2014-12-02,2.203,2.381,2.185,2.321
2014-12-03,2.323,2.377,2.283,2.327
2014-12-04,2.329,2.567,2.329,2.533
2014-12-05,2.567,2.629,2.343,2.469
2014-12-08,2.461,2.563,2.399,2.543
2014-12-09,2.543,2.659,2.351,2.421
2014-12-10,2.429,2.541,2.401,2.525
2014-12-11,2.511,2.545,2.481,2.499
2014-12-12,2.501,2.539,2.489,2.499
2014-12-15,2.497,2.535,2.465,2.525
2014-12-16,2.525,2.587,2.515,2.585
2014-12-17,2.589,2.641,2.565,2.639
2014-12-18,2.645,2.659,2.615,2.629
2014-12-19,2.631,2.673,2.571,2.665
2014-12-22,2.665,2.727,2.643,2.677
2014-12-23,2.665,2.691,2.401,2.603
2014-12-24,2.607,2.615,2.489,2.507
2014-12-25,2.517,2.627,2.517,2.621
2014-12-26,2.623,2.727,2.617,2.721
2014-12-29,2.801,3.001,2.695,2.729
2014-12-30,2.723,2.731,2.681,2.717
2014-12-31,2.717,2.803,2.705,2.797
2015-01-05,2.797,2.893,2.797,2.879
2015-01-06,2.879,2.903,2.827,2.861
2015-01-07,2.855,2.879,2.825,2.859
2015-01-08,2.861,2.867,2.783,2.803
2015-01-09,2.797,2.921,2.785,2.795
2015-01-12,2.761,2.831,2.717,2.773
2015-01-13,2.773,2.791,2.747,2.757
2015-01-14,2.759,2.789,2.719,2.749
2015-01-15,2.749,2.833,2.739,2.831
2015-01-16,2.857,2.881,2.829,2.857
2015-01-19,2.641,2.749,2.563,2.585
2015-01-20,2.583,2.681,2.583,2.667
2015-01-21,2.669,2.787,2.669,2.779
2015-01-22,2.779,2.807,2.757,2.795
2015-01-23,2.795,2.847,2.785,2.801
2015-01-26,2.809,2.827,2.787,2.825
2015-01-27,2.825,2.837,2.745,2.801
2015-01-28,2.791,2.811,2.763,2.769
2015-01-29,2.749,2.749,2.701,2.725
2015-01-30,2.733,2.753,2.693,2.705
2015-02-02,2.645,2.675,2.621,2.627
2015-02-03,2.637,2.699,2.633,2.697
2015-02-04,2.699,2.727,2.663,2.663
2015-02-05,2.709,2.743,2.643,2.643
2015-02-06,2.635,2.643,2.575,2.593
2015-02-09,2.593,2.649,2.553,2.627
2015-02-10,2.625,2.669,2.617,2.669
2015-02-11,2.671,2.709,2.669,2.691
2015-02-12,2.693,2.707,2.673,2.703
2015-02-13,2.703,2.753,2.703,2.719
2015-02-16,2.713,2.751,2.713,2.741
2015-02-17,2.747,2.775,2.747,2.765
2015-02-25,2.765,2.765,2.713,2.721
2015-02-26,2.721,2.803,2.707,2.803
2015-02-27,2.807,2.827,2.789,2.807
2015-03-02,2.815,2.829,2.801,2.825
2015-03-03,2.819,2.819,2.743,2.751
2015-03-04,2.751,2.775,2.737,2.767
2015-03-05,2.759,2.759,2.715,2.739
2015-03-06,2.741,2.755,2.721,2.721
2015-03-09,2.701,2.791,2.671,2.773
2015-03-10,2.771,2.785,2.749,2.761
2015-03-11,2.759,2.799,2.757,2.765
2015-03-12,2.765,2.823,2.765,2.815
2015-03-13,2.817,2.849,2.817,2.831
2015-03-16,2.845,2.909,2.833,2.909
2015-03-17,2.919,2.949,2.911,2.947
2015-03-18,2.955,3.025,2.949,3.025
2015-03-19,3.013,3.023,2.991,3.005
2015-03-20,3.007,3.069,3.003,3.053
2015-03-23,3.077,3.121,3.073,3.121
2015-03-24,3.119,3.161,3.047,3.113
2015-03-25,3.109,3.123,3.067,3.089
2015-03-26,3.083,3.131,3.051,3.095
2015-03-27,3.097,3.135,3.081,3.123
2015-03-30,3.133,3.237,3.133,3.223
2015-03-31,3.257,3.281,3.143,3.191
2015-04-01,3.181,3.261,3.181,3.245
2015-04-02,3.251,3.275,3.193,3.235
2015-04-03,3.231,3.285,3.197,3.283
2015-04-07,3.285,3.345,3.285,3.343
2015-04-08,3.345,3.377,3.301,3.367
2015-04-09,3.351,3.391,3.297,3.347
2015-04-10,3.337,3.431,3.287,3.429
2015-04-13,3.457,3.491,3.421,3.479
2015-04-14,3.461,3.519,3.451,3.489
2015-04-15,3.463,3.521,3.441,3.445
2015-04-16,3.445,3.559,3.301,3.559
2015-04-17,3.567,3.917,3.567,3.635
2015-04-20,3.659,3.677,3.529,3.551
2015-04-21,3.541,3.627,3.541,3.621
2015-04-22,3.607,3.735,3.607,3.735
2015-04-23,3.743,3.759,3.687,3.727
2015-04-24,3.677,3.727,3.637,3.691
2015-04-27,3.697,3.805,3.697,3.803
2015-04-28,3.793,3.797,3.697,3.733
2015-04-29,3.733,3.783,3.687,3.765
2015-04-30,3.801,3.801,3.745,3.753
2015-05-04,3.741,3.781,3.601,3.777
2015-05-05,3.761,3.765,3.601,3.631
2015-05-06,3.643,3.705,3.521,3.585
2015-05-07,3.569,3.579,3.521,3.525
2015-05-08,3.541,3.599,3.505,3.589
2015-05-11,3.595,3.699,3.571,3.691
2015-05-12,3.691,3.741,3.663,3.733
2015-05-13,3.725,3.743,3.699,3.709
2015-05-14,3.709,3.735,3.683,3.697
2015-05-15,3.655,3.713,3.629,3.645
2015-05-18,3.631,3.645,3.593,3.615
2015-05-19,3.581,3.739,3.581,3.735
2015-05-20,3.745,3.833,3.743,3.761
2015-05-21,3.761,3.833,3.745,3.819
2015-05-22,3.837,3.925,3.837,3.917
2015-05-25,3.891,4.045,3.891,4.035
2015-05-26,4.053,4.121,4.015,4.121
2015-05-27,4.121,4.135,4.051,4.109
2015-05-28,4.107,4.141,3.821,3.919
2015-05-29,3.879,4.041,3.713,3.855
2015-06-01,3.821,4.037,3.813,4.031
2015-06-02,4.041,4.097,3.981,4.095
2015-06-03,4.095,4.097,3.995,4.057
2015-06-04,4.039,4.103,3.829,4.099
2015-06-05,4.103,4.212,4.041,4.155
2015-06-08,4.131,4.280,4.097,4.214
2015-06-09,4.252,4.252,4.162,4.218
2015-06-10,4.127,4.252,4.127,4.198
2015-06-11,4.172,4.222,4.162,4.202
2015-06-12,4.202,4.238,4.182,4.226
2015-06-15,4.204,4.242,4.121,4.133
2015-06-16,4.119,4.119,3.963,4.015
2015-06-17,3.993,4.091,3.913,4.071
2015-06-18,4.081,4.081,3.889,3.921
2015-06-19,3.897,3.897,3.673,3.697
2015-06-23,3.699,3.815,3.521,3.815
2015-06-24,3.815,3.897,3.751,3.893
2015-06-25,3.893,3.899,3.695,3.735
2015-06-26,3.713,3.713,3.381,3.495
2015-06-29,3.579,3.609,3.197,3.377
2015-06-30,3.359,3.569,3.197,3.567
2015-07-01,3.561,3.593,3.345,3.375
2015-07-02,3.347,3.437,3.205,3.239
2015-07-03,3.221,3.321,2.907,3.081
2015-07-06,3.397,3.397,3.049,3.281
2015-07-07,3.157,3.205,2.951,2.953
2015-07-08,2.649,2.941,2.649,2.655
2015-07-09,2.641,2.929,2.579,2.929
2015-07-10,3.031,3.229,3.031,3.229
2015-07-13,3.263,3.463,3.247,3.433
2015-07-14,3.361,3.467,3.291,3.341
2015-07-15,3.321,3.321,3.001,3.079
2015-07-16,3.001,3.247,3.001,3.167
2015-07-17,3.229,3.323,3.169,3.297
2015-07-20,3.283,3.337,3.201,3.279
2015-07-21,3.257,3.331,3.205,3.265
2015-07-22,3.237,3.285,3.235,3.275
2015-07-23,3.243,3.381,3.243,3.361
2015-07-24,3.381,3.421,3.281,3.311
2015-07-27,3.271,3.295,2.973,3.007
2015-07-28,3.001,3.079,2.881,2.989
2015-07-29,3.001,3.169,2.941,3.113
2015-07-30,3.061,3.141,3.009,3.025
2015-07-31,2.967,3.043,2.945,3.001
2015-08-03,2.953,2.991,2.921,2.991
2015-08-04,2.991,3.127,2.991,3.127
2015-08-05,3.137,3.137,3.041,3.067
2015-08-06,3.003,3.081,3.003,3.037
2015-08-07,3.041,3.201,3.041,3.101
2015-08-10,3.101,3.263,3.101,3.247
2015-08-11,3.237,3.273,3.209,3.211
2015-08-12,3.169,3.307,3.169,3.201
2015-08-13,3.193,3.221,3.143,3.221
2015-08-14,3.221,3.245,3.201,3.207
2015-08-17,3.207,3.233,3.161,3.227
2015-08-18,3.221,3.241,3.009,3.039
2015-08-19,3.001,3.097,2.909,3.071
2015-08-20,3.025,3.061,2.991,2.993
2015-08-21,2.951,2.995,2.883,2.909
2015-08-24,2.793,2.801,2.611,2.611
2015-08-25,2.521,2.521,2.343,2.343
2015-08-26,2.401,2.519,2.317,2.359
2015-08-27,2.403,2.493,2.361,2.489
2015-08-28,2.541,2.621,2.489,2.597
2015-08-31,2.599,2.641,2.521,2.589
2015-09-01,2.585,2.641,2.491,2.617
2015-09-02,2.581,2.631,2.497,2.567
2015-09-07,2.617,2.681,2.569,2.583
2015-09-08,2.521,2.641,2.503,2.635
2015-09-09,2.679,2.687,2.621,2.669
2015-09-10,2.621,2.681,2.619,2.651
2015-09-11,2.611,2.667,2.611,2.639
2015-09-14,2.611,2.641,2.511,2.537
2015-09-15,2.511,2.533,2.457,2.479
2015-09-16,2.501,2.647,2.435,2.607
2015-09-17,2.609,2.625,2.531,2.535
2015-09-18,2.541,2.587,2.521,2.547
2015-09-21,2.521,2.593,2.497,2.587
2015-09-22,2.615,2.641,2.583,2.619
2015-09-23,2.565,2.613,2.561,2.569
2015-09-24,2.573,2.599,2.573,2.587
2015-09-25,2.575,2.597,2.531,2.551
2015-09-28,2.543,2.561,2.525,2.549
2015-09-29,2.523,2.579,2.499,2.519
2015-09-30,2.521,2.539,2.507,2.527
2015-10-08,2.601,2.659,2.599,2.599
2015-10-09,2.567,2.637,2.567,2.637
2015-10-12,2.637,2.783,2.637,2.739
2015-10-13,2.701,2.739,2.701,2.721
2015-10-14,2.743,2.743,2.687,2.701
2015-10-15,2.701,2.761,2.683,2.759
2015-10-16,2.777,2.797,2.767,2.795
2015-10-19,2.801,2.821,2.765,2.787
2015-10-20,2.769,2.827,2.769,2.825
2015-10-21,2.851,2.851,2.697,2.741
2015-10-22,2.741,2.793,2.717,2.781
2015-10-23,2.793,2.829,2.777,2.823
2015-10-26,2.863,2.863,2.821,2.833
2015-10-27,2.781,2.845,2.771,2.845
2015-10-28,2.847,2.847,2.785,2.791
2015-10-29,2.761,2.811,2.761,2.799
2015-10-30,2.799,2.839,2.771,2.813
2015-11-02,2.787,2.811,2.761,2.765
2015-11-03,2.761,2.767,2.733,2.733
2015-11-04,2.743,2.921,2.741,2.915
2015-11-05,2.911,3.101,2.875,3.035
2015-11-06,3.033,3.097,2.877,3.037
2015-11-09,3.021,3.181,3.021,3.079
2015-11-10,3.053,3.079,2.975,3.055
2015-11-11,3.023,3.047,2.965,3.001
2015-11-12,3.001,3.021,2.961,2.983
2015-11-13,2.949,2.991,2.945,2.967
2015-11-16,2.929,2.975,2.909,2.975
2015-11-17,2.999,3.039,2.945,2.949
2015-11-18,2.971,2.971,2.921,2.925
2015-11-19,2.937,2.977,2.935,2.969
2015-11-20,2.979,2.995,2.965,2.971
2015-11-23,2.979,3.001,2.949,2.955
2015-11-24,2.943,2.969,2.925,2.963
2015-11-25,2.963,2.989,2.957,2.983
2015-11-26,2.995,3.011,2.969,2.983
2015-11-27,2.981,2.981,2.797,2.815
2015-11-30,2.813,2.837,2.743,2.811
2015-12-01,2.831,2.869,2.783,2.827
2015-12-02,2.819,2.949,2.819,2.949
2015-12-03,2.923,2.971,2.923,2.963
2015-12-04,2.961,2.961,2.905,2.931
2015-12-07,2.911,2.935,2.901,2.909
2015-12-08,2.901,2.901,2.861,2.875
2015-12-09,2.861,2.893,2.861,2.875
2015-12-10,2.889,2.911,2.863,2.881
2015-12-11,2.861,2.871,2.837,2.859
2015-12-14,2.841,2.941,2.825,2.931
2015-12-15,2.937,2.937,2.905,2.915
2015-12-16,2.915,2.937,2.915,2.917
2015-12-17,2.917,2.969,2.917,2.965
2015-12-18,2.965,3.007,2.947,2.981
2015-12-21,2.991,3.075,2.989,3.063
2015-12-22,3.061,3.089,3.031,3.061
2015-12-23,3.061,3.103,3.045,3.051
2015-12-24,3.061,3.061,2.989,3.041
2015-12-25,3.021,3.053,3.011,3.031
2015-12-28,3.031,3.041,2.959,2.961
2015-12-29,2.945,2.979,2.943,2.979
2015-12-30,2.957,2.981,2.951,2.977
2015-12-31,2.955,2.995,2.947,2.961
2016-01-04,2.971,2.971,2.755,2.773
2016-01-05,2.767,2.841,2.689,2.773
2016-01-06,2.771,2.797,2.747,2.795
2016-01-07,2.795,2.795,2.613,2.659
2016-01-08,2.761,2.761,2.573,2.689
2016-01-11,2.661,2.661,2.529,2.531
2016-01-12,2.527,2.603,2.521,2.553
2016-01-13,2.561,2.599,2.483,2.501
2016-01-14,2.473,2.561,2.439,2.561
2016-01-15,2.555,2.621,2.457,2.465
2016-01-18,2.471,2.499,2.441,2.477
2016-01-19,2.481,2.561,2.461,2.555
2016-01-20,2.541,2.551,2.497,2.523
2016-01-21,2.481,2.535,2.463,2.477
2016-01-22,2.477,2.497,2.423,2.465
2016-01-25,2.481,2.485,2.461,2.467
2016-01-26,2.479,2.479,2.305,2.325
2016-01-27,2.341,2.361,2.249,2.321
2016-01-28,2.321,2.361,2.251,2.259
2016-01-29,2.261,2.359,2.233,2.351
2016-02-01,2.343,2.343,2.275,2.299
2016-02-02,2.301,2.353,2.297,2.347
2016-02-03,2.331,2.337,2.301,2.331
2016-02-04,2.321,2.373,2.321,2.361
2016-02-05,2.361,2.365,2.347,2.347
2016-02-15,2.285,2.339,2.285,2.333
2016-02-16,2.339,2.407,2.339,2.393
2016-02-17,2.391,2.417,2.381,2.411
2016-02-18,2.445,2.445,2.401,2.403
2016-02-19,2.415,2.415,2.389,2.409
2016-02-22,2.421,2.467,2.421,2.457
2016-02-23,2.457,2.459,2.417,2.431
2016-02-24,2.429,2.453,2.409,2.447
2016-02-25,2.435,2.435,2.317,2.341
2016-02-26,2.341,2.371,2.295,2.315
2016-02-29,2.331,2.331,2.227,2.279
2016-03-01,2.281,2.315,2.271,2.307
2016-03-02,2.319,2.407,2.303,2.397
2016-03-03,2.397,2.419,2.385,2.391
2016-03-04,2.381,2.469,2.375,2.437
2016-03-07,2.449,2.471,2.429,2.447
2016-03-08,2.447,2.447,2.361,2.431
2016-03-09,2.421,2.421,2.381,2.411
2016-03-10,2.415,2.417,2.377,2.383
2016-03-11,2.381,2.383,2.333,2.381
2016-03-14,2.397,2.445,2.371,2.427
2016-03-15,2.427,2.427,2.385,2.411
2016-03-16,2.411,2.433,2.403,2.423
2016-03-17,2.441,2.471,2.407,2.451
2016-03-18,2.451,2.521,2.451,2.503
2016-03-21,2.525,2.579,2.525,2.579
2016-03-22,2.527,2.577,2.527,2.547
2016-03-23,2.545,2.567,2.531,2.543
2016-03-24,2.525,2.541,2.503,2.503
2016-03-25,2.489,2.529,2.489,2.513
2016-03-28,2.513,2.555,2.487,2.505
2016-03-29,2.507,2.515,2.463,2.471
2016-03-30,2.497,2.541,2.497,2.541
2016-03-31,2.557,2.613,2.523,2.533
2016-04-01,2.551,2.551,2.493,2.541
2016-04-05,2.519,2.587,2.519,2.581
2016-04-06,2.527,2.583,2.527,2.567
2016-04-07,2.581,2.589,2.537,2.541
2016-04-08,2.525,2.531,2.501,2.517
2016-04-11,2.537,2.569,2.535,2.553
2016-04-12,2.541,2.553,2.525,2.537
2016-04-13,2.533,2.607,2.533,2.581
2016-04-14,2.585,2.605,2.581,2.605
2016-04-15,2.611,2.613,2.589,2.601
2016-04-18,2.567,2.577,2.551,2.563
2016-04-19,2.565,2.593,2.551,2.555
2016-04-20,2.555,2.575,2.447,2.517
2016-04-21,2.481,2.521,2.461,2.497
2016-04-22,2.481,2.513,2.481,2.511
2016-04-25,2.491,2.501,2.477,2.499
2016-04-26,2.505,2.515,2.481,2.505
2016-04-27,2.501,2.521,2.489,2.503
2016-04-28,2.499,2.505,2.473,2.495
2016-04-29,2.509,2.509,2.479,2.499
2016-05-03,2.499,2.539,2.487,2.537
2016-05-04,2.531,2.543,2.517,2.529
2016-05-05,2.523,2.547,2.521,2.543
2016-05-06,2.551,2.551,2.479,2.479
2016-05-09,2.479,2.479,2.421,2.431
2016-05-10,2.429,2.441,2.415,2.431
2016-05-11,2.481,2.481,2.427,2.439
2016-05-12,2.419,2.443,2.403,2.441
2016-05-13,2.439,2.453,2.423,2.423
2016-05-16,2.425,2.441,2.417,2.441
2016-05-17,2.441,2.447,2.429,2.441
2016-05-18,2.441,2.441,2.401,2.419
2016-05-19,2.437,2.441,2.419,2.421
2016-05-20,2.413,2.425,2.407,2.425
2016-05-23,2.441,2.447,2.431,2.435
2016-05-24,2.439,2.439,2.409,2.415
2016-05-25,2.431,2.439,2.419,2.421
2016-05-26,2.421,2.425,2.385,2.409
2016-05-27,2.403,2.431,2.403,2.421
2016-05-30,2.405,2.423,2.401,2.421
2016-05-31,2.437,2.499,2.437,2.495
2016-06-01,2.493,2.513,2.493,2.499
2016-06-02,2.503,2.503,2.487,2.501
2016-06-03,2.501,2.531,2.491,2.529
2016-06-06,2.557,2.561,2.503,2.511
2016-06-07,2.511,2.525,2.485,2.501
2016-06-08,2.493,2.511,2.489,2.509
2016-06-13,2.509,2.509,2.435,2.435
2016-06-14,2.457,2.457,2.421,2.439
2016-06-15,2.421,2.469,2.417,2.463
2016-06-16,2.477,2.479,2.453,2.459
2016-06-17,2.465,2.497,2.461,2.463
2016-06-20,2.459,2.465,2.447,2.463
2016-06-21,2.475,2.495,2.467,2.473
2016-06-22,2.445,2.475,2.443,2.475
2016-06-23,2.481,2.481,2.465,2.475
2016-06-24,2.481,2.481,2.421,2.455
2016-06-27,2.445,2.471,2.445,2.469
2016-06-28,2.457,2.479,2.457,2.479
2016-06-29,2.481,2.495,2.481,2.489
2016-06-30,2.511,2.511,2.489,2.489
2016-07-01,2.503,2.517,2.503,2.503
2016-07-04,2.489,2.557,2.481,2.555
2016-07-05,2.555,2.559,2.541,2.545
2016-07-06,2.539,2.569,2.533,2.569
2016-07-07,2.569,2.571,2.553,2.563
2016-07-08,2.555,2.563,2.551,2.551
2016-07-11,2.563,2.595,2.559,2.569
2016-07-12,2.569,2.637,2.563,2.631
2016-07-13,2.637,2.657,2.631,2.635
2016-07-14,2.621,2.641,2.615,2.629
2016-07-15,2.631,2.641,2.629,2.637
2016-07-18,2.621,2.639,2.613,2.625
2016-07-19,2.621,2.621,2.595,2.611
2016-07-20,2.603,2.619,2.601,2.603
2016-07-21,2.601,2.637,2.601,2.621
2016-07-22,2.603,2.627,2.597,2.597
2016-07-25,2.577,2.615,2.577,2.601
2016-07-26,2.601,2.627,2.601,2.627
2016-07-27,2.621,2.641,2.545,2.581
2016-07-28,2.581,2.599,2.567,2.587
2016-07-29,2.587,2.593,2.575,2.583
2016-08-01,2.581,2.581,2.543,2.565
2016-08-02,2.583,2.695,2.535,2.571
2016-08-03,2.567,2.575,2.561,2.573
2016-08-04,2.579,2.579,2.559,2.569
2016-08-05,2.569,2.591,2.567,2.575
2016-08-08,2.575,2.611,2.575,2.611
2016-08-09,2.613,2.625,2.599,2.623
2016-08-10,2.615,2.631,2.611,2.621
2016-08-11,2.621,2.639,2.607,2.621
2016-08-12,2.621,2.671,2.589,2.663
2016-08-15,2.669,2.763,2.645,2.735
2016-08-16,2.735,2.761,2.721,2.727
2016-08-17,2.729,2.739,2.711,2.715
2016-08-18,2.727,2.737,2.705,2.711
2016-08-19,2.719,2.719,2.699,2.711
2016-08-22,2.721,2.723,2.691,2.703
2016-08-23,2.703,2.709,2.685,2.697
2016-08-24,2.697,2.705,2.681,2.683
2016-08-25,2.675,2.677,2.651,2.673
2016-08-26,2.677,2.689,2.671,2.673
2016-08-29,2.677,2.677,2.661,2.669
2016-08-30,2.663,2.683,2.659,2.671
2016-08-31,2.681,2.691,2.661,2.683
2016-09-01,2.695,2.701,2.665,2.665
2016-09-02,2.673,2.677,2.655,2.665
2016-09-05,2.669,2.695,2.665,2.673
2016-09-06,2.689,2.701,2.663,2.693
2016-09-07,2.701,2.711,2.693,2.693
2016-09-08,2.701,2.701,2.689,2.695
2016-09-09,2.695,2.699,2.681,2.685
2016-09-12,2.681,2.681,2.617,2.625
2016-09-13,2.647,2.661,2.617,2.631
2016-09-14,2.623,2.625,2.607,2.619
2016-09-19,2.621,2.641,2.621,2.629
2016-09-20,2.633,2.633,2.621,2.633
2016-09-21,2.633,2.641,2.619,2.641
2016-09-22,2.651,2.667,2.651,2.653
2016-09-23,2.657,2.663,2.647,2.653
2016-09-26,2.643,2.643,2.601,2.603
2016-09-27,2.613,2.627,2.601,2.627
2016-09-28,2.617,2.627,2.603,2.621
2016-09-29,2.621,2.631,2.615,2.629
2016-09-30,2.629,2.637,2.627,2.637
2016-10-10,2.631,2.661,2.631,2.661
2016-10-11,2.659,2.673,2.659,2.671
2016-10-12,2.671,2.671,2.659,2.667
2016-10-13,2.661,2.675,2.659,2.671
2016-10-14,2.661,2.677,2.647,2.675
2016-10-17,2.673,2.675,2.645,2.651
2016-10-18,2.651,2.687,2.649,2.683
2016-10-19,2.683,2.697,2.683,2.685
2016-10-20,2.685,2.691,2.677,2.681
2016-10-21,2.685,2.701,2.673,2.691
2016-10-24,2.681,2.751,2.681,2.735
2016-10-25,2.723,2.731,2.713,2.723
2016-10-26,2.715,2.729,2.711,2.717
2016-10-27,2.711,2.717,2.697,2.709
2016-10-28,2.719,2.731,2.701,2.701
2016-10-31,2.695,2.699,2.687,2.697
2016-11-01,2.693,2.719,2.693,2.715
2016-11-02,2.715,2.717,2.695,2.697
2016-11-03,2.689,2.737,2.689,2.723
2016-11-04,2.715,2.731,2.715,2.715
2016-11-07,2.715,2.721,2.703,2.719
2016-11-08,2.721,2.737,2.721,2.731
2016-11-09,2.725,2.731,2.685,2.719
2016-11-10,2.733,2.759,2.731,2.753
2016-11-11,2.753,2.773,2.741,2.767
2016-11-14,2.765,2.791,2.755,2.777
2016-11-15,2.773,2.787,2.767,2.781
2016-11-16,2.777,2.785,2.769,2.775
2016-11-17,2.773,2.789,2.761,2.783
2016-11-18,2.781,2.789,2.767,2.773
2016-11-21,2.767,2.801,2.767,2.785
2016-11-22,2.791,2.813,2.789,2.807
2016-11-23,2.813,2.833,2.805,2.805
2016-11-24,2.815,2.851,2.809,2.823
2016-11-25,2.821,2.861,2.809,2.861
2016-11-28,2.871,2.885,2.867,2.869
2016-11-29,2.869,2.907,2.857,2.893
2016-11-30,2.891,2.893,2.865,2.873
2016-12-01,2.881,2.903,2.881,2.897
2016-12-02,2.899,2.903,2.853,2.869
2016-12-05,2.841,2.841,2.801,2.813
2016-12-06,2.805,2.823,2.805,2.811
2016-12-07,2.799,2.817,2.787,2.815
2016-12-08,2.819,2.823,2.805,2.811
2016-12-09,2.811,2.841,2.801,2.827
2016-12-12,2.829,2.831,2.747,2.769
2016-12-13,2.765,2.769,2.733,2.753
2016-12-14,2.761,2.763,2.725,2.747
2016-12-15,2.739,2.741,2.697,2.707
2016-12-16,2.429,2.717,2.429,2.715
2016-12-19,2.705,2.707,2.683,2.693
2016-12-20,2.689,2.695,2.663,2.689
2016-12-21,2.691,2.709,2.685,2.701
2016-12-22,2.701,2.709,2.687,2.699
2016-12-23,2.699,2.699,2.677,2.685
2016-12-26,2.669,2.695,2.645,2.687
2016-12-27,2.685,2.697,2.683,2.697
2016-12-28,2.683,2.689,2.665,2.669
2016-12-29,2.667,2.691,2.665,2.673
2016-12-30,2.673,2.695,2.669,2.691
2017-01-03,2.691,2.709,2.681,2.707
2017-01-04,2.705,2.731,2.701,2.729
2017-01-05,2.731,2.743,2.721,2.723
2017-01-06,2.723,2.729,2.711,2.711
2017-01-09,2.721,2.733,2.711,2.729
2017-01-10,2.731,2.737,2.719,2.729
2017-01-11,2.721,2.731,2.705,2.711
2017-01-12,2.707,2.711,2.691,2.691
2017-01-13,2.689,2.709,2.689,2.693
2017-01-16,2.689,2.693,2.653,2.689
2017-01-17,2.695,2.699,2.673,2.699
2017-01-18,2.699,2.717,2.691,2.703
2017-01-19,2.699,2.713,2.689,2.699
2017-01-20,2.695,2.719,2.695,2.711
2017-01-23,2.711,2.737,2.711,2.729
2017-01-24,2.725,2.729,2.717,2.721
2017-01-25,2.721,2.737,2.713,2.735
2017-01-26,2.729,2.755,2.729,2.745
2017-02-03,2.753,2.753,2.721,2.731
2017-02-06,2.735,2.737,2.717,2.733
2017-02-07,2.725,2.733,2.717,2.725
2017-02-08,2.725,2.741,2.709,2.739
2017-02-09,2.739,2.761,2.733,2.753
2017-02-10,2.747,2.777,2.745,2.763
2017-02-13,2.775,2.791,2.773,2.783
2017-02-14,2.777,2.789,2.773,2.787
2017-02-15,2.785,2.807,2.771,2.773
2017-02-16,2.775,2.791,2.771,2.791
2017-02-17,2.795,2.807,2.767,2.791
2017-02-20,2.787,2.821,2.769,2.819
2017-02-21,2.821,2.835,2.819,2.827
2017-02-22,2.827,2.837,2.817,2.833
2017-02-23,2.825,2.833,2.803,2.821
2017-02-24,2.821,2.821,2.805,2.819
2017-02-27,2.813,2.819,2.787,2.793
2017-02-28,2.793,2.811,2.787,2.799
2017-03-01,2.803,2.815,2.801,2.805
2017-03-02,2.815,2.815,2.779,2.783
2017-03-03,2.767,2.783,2.767,2.777
2017-03-06,2.777,2.801,2.777,2.795
2017-03-07,2.819,2.819,2.787,2.799
2017-03-08,2.799,2.807,2.791,2.801
2017-03-09,2.801,2.801,2.773,2.783
2017-03-10,2.785,2.789,2.769,2.781
2017-03-13,2.789,2.809,2.777,2.807
2017-03-14,2.807,2.815,2.801,2.809
2017-03-15,2.805,2.809,2.799,2.809
2017-03-16,2.813,2.837,2.813,2.823
2017-03-17,2.829,2.835,2.789,2.793
2017-03-20,2.793,2.807,2.787,2.801
2017-03-21,2.801,2.813,2.791,2.811
2017-03-22,2.811,2.811,2.787,2.803
2017-03-23,2.797,2.815,2.787,2.805
2017-03-24,2.805,2.841,2.805,2.835
2017-03-27,2.835,2.851,2.817,2.821
2017-03-28,2.827,2.829,2.813,2.821
2017-03-29,2.821,2.829,2.801,2.817
2017-03-30,2.811,2.817,2.785,2.799
2017-03-31,2.799,2.811,2.791,2.809
2017-04-05,2.817,2.851,2.817,2.851
2017-04-06,2.851,2.857,2.841,2.851
2017-04-07,2.851,2.869,2.847,2.861
2017-04-10,2.861,2.865,2.845,2.847
2017-04-11,2.847,2.861,2.813,2.861
2017-04-12,2.861,2.861,2.841,2.849
2017-04-13,2.849,2.859,2.845,2.857
2017-04-14,2.857,2.861,2.829,2.833
2017-04-17,2.837,2.841,2.803,2.833
2017-04-18,2.823,2.837,2.817,2.819
2017-04-19,2.819,2.819,2.781,2.803
2017-04-20,2.801,2.817,2.795,2.815
2017-04-21,2.815,2.823,2.801,2.819
2017-04-24,2.819,2.819,2.775,2.787
2017-04-25,2.791,2.811,2.789,2.809
2017-04-26,2.797,2.821,2.795,2.797
2017-04-27,2.795,2.801,2.765,2.797
2017-04-28,2.797,2.799,2.777,2.793
2017-05-02,2.793,2.795,2.779,2.785
2017-05-03,2.789,2.791,2.767,2.777
2017-05-04,2.777,2.781,2.759,2.765
2017-05-05,2.775,2.775,2.737,2.747
2017-05-08,2.751,2.751,2.719,2.733
2017-05-09,2.733,2.733,2.711,2.731
2017-05-10,2.731,2.743,2.717,2.719
2017-05-11,2.717,2.731,2.697,2.727
2017-05-12,2.729,2.759,2.721,2.753
2017-05-15,2.741,2.771,2.741,2.767
2017-05-16,2.767,2.795,2.747,2.791
2017-05-17,2.791,2.795,2.773,2.777
2017-05-18,2.753,2.777,2.753,2.763
2017-05-19,2.763,2.771,2.761,2.769
2017-05-22,2.769,2.787,2.755,2.777
2017-05-23,2.771,2.793,2.771,2.785
2017-05-24,2.787,2.787,2.755,2.783
2017-05-25,2.783,2.841,2.773,2.837
2017-05-26,2.841,2.845,2.831,2.833
2017-05-31,2.841,2.861,2.831,2.851
2017-06-01,2.833,2.847,2.833,2.841
2017-06-02,2.845,2.845,2.821,2.833
2017-06-05,2.833,2.841,2.819,2.825
2017-06-06,2.821,2.843,2.819,2.843
2017-06-07,2.843,2.889,2.839,2.877
2017-06-08,2.885,2.913,2.871,2.911
2017-06-09,2.901,2.939,2.901,2.921
2017-06-12,2.921,2.937,2.905,2.911
2017-06-13,2.909,2.929,2.903,2.927
2017-06-14,2.927,2.927,2.885,2.893
2017-06-15,2.899,2.899,2.873,2.887
2017-06-16,2.887,2.895,2.879,2.881
2017-06-19,2.897,2.915,2.885,2.909
2017-06-20,2.909,2.917,2.901,2.907
2017-06-21,2.909,2.941,2.907,2.937
2017-06-22,2.939,2.989,2.933,2.951
2017-06-23,2.941,2.975,2.923,2.975
2017-06-26,2.981,3.013,2.975,3.011
2017-06-27,3.011,3.013,2.991,3.007
2017-06-28,3.011,3.011,2.985,2.995
2017-06-29,2.985,3.007,2.985,3.005
2017-06-30,3.001,3.005,2.989,3.003
2017-07-03,3.003,3.007,2.979,2.995
2017-07-04,2.995,2.995,2.961,2.967
2017-07-05,2.967,3.005,2.963,2.999
2017-07-06,2.999,3.009,2.983,3.007
2017-07-07,2.993,3.007,2.991,3.005
2017-07-10,3.015,3.019,3.003,3.007
2017-07-11,3.021,3.047,3.003,3.021
2017-07-12,3.021,3.041,2.997,3.011
2017-07-13,3.015,3.043,3.011,3.031
2017-07-14,3.041,3.061,3.029,3.059
2017-07-17,3.061,3.071,2.991,3.031
2017-07-18,3.031,3.031,2.993,3.021
2017-07-19,3.021,3.081,3.011,3.081
2017-07-20,3.087,3.103,3.063,3.091
2017-07-21,3.093,3.099,3.077,3.081
2017-07-24,3.083,3.099,3.073,3.097
2017-07-25,3.097,3.101,3.073,3.073
2017-07-26,3.075,3.087,3.043,3.057
2017-07-27,3.059,3.071,3.037,3.067
2017-07-28,3.061,3.077,3.057,3.073
2017-07-31,3.081,3.095,3.065,3.087
2017-08-01,3.087,3.119,3.087,3.117
2017-08-02,3.117,3.131,3.103,3.107
2017-08-03,3.111,3.117,3.079,3.081
2017-08-04,3.079,3.091,3.067,3.067
2017-08-07,3.067,3.091,3.049,3.089
2017-08-08,3.089,3.091,3.075,3.083
2017-08-09,3.085,3.095,3.073,3.091
2017-08-10,3.091,3.101,3.051,3.079
2017-08-11,3.067,3.067,3.017,3.017
2017-08-14,3.017,3.065,2.999,3.063
2017-08-15,3.063,3.077,3.055,3.073
2017-08-16,3.073,3.073,3.049,3.065
2017-08-17,3.063,3.085,3.063,3.085
2017-08-18,3.057,3.097,3.057,3.095
2017-08-21,3.115,3.121,3.091,3.101
2017-08-22,3.101,3.111,3.091,3.107
2017-08-23,3.109,3.125,3.103,3.115
2017-08-24,3.115,3.117,3.093,3.097
2017-08-25,3.105,3.149,3.105,3.147
2017-08-28,3.161,3.209,3.157,3.187
2017-08-29,3.189,3.193,3.179,3.181
2017-08-30,3.181,3.201,3.177,3.181
2017-08-31,3.181,3.193,3.157,3.171
2017-09-01,3.177,3.189,3.169,3.181
2017-09-04,3.181,3.193,3.165,3.191
2017-09-05,3.191,3.207,3.187,3.201
2017-09-06,3.201,3.203,3.181,3.197
2017-09-07,3.197,3.201,3.173,3.181
2017-09-08,3.175,3.193,3.165,3.177
2017-09-11,3.159,3.197,3.159,3.175
2017-09-12,3.173,3.193,3.169,3.181
2017-09-13,3.173,3.193,3.173,3.183
2017-09-14,3.185,3.197,3.165,3.173
2017-09-15,3.179,3.187,3.167,3.177
2017-09-18,3.177,3.205,3.177,3.197
2017-09-19,3.191,3.197,3.169,3.181
2017-09-20,3.187,3.197,3.169,3.185
2017-09-21,3.185,3.199,3.179,3.187
2017-09-22,3.175,3.185,3.167,3.185
2017-09-25,3.181,3.187,3.161,3.165
2017-09-26,3.165,3.171,3.159,3.165
2017-09-27,3.169,3.179,3.169,3.171
2017-09-28,3.165,3.175,3.165,3.171
2017-09-29,3.175,3.195,3.173,3.189
2017-10-09,3.195,3.255,3.195,3.229
2017-10-10,3.217,3.243,3.199,3.229
2017-10-11,3.229,3.245,3.217,3.237
2017-10-12,3.239,3.249,3.227,3.245
2017-10-13,3.243,3.255,3.241,3.255
2017-10-16,3.255,3.269,3.249,3.249
2017-10-17,3.241,3.257,3.237,3.249
2017-10-18,3.245,3.271,3.233,3.267
2017-10-19,3.267,3.271,3.255,3.267
2017-10-20,3.267,3.267,3.243,3.259
2017-10-23,3.263,3.265,3.247,3.263
2017-10-24,3.261,3.291,3.261,3.289
2017-10-25,3.291,3.319,3.273,3.307
2017-10-26,3.295,3.331,3.291,3.331
2017-10-27,3.331,3.339,3.319,3.337
2017-10-30,3.337,3.341,3.281,3.335
2017-10-31,3.321,3.329,3.299,3.329
2017-11-01,3.329,3.357,3.303,3.331
2017-11-02,3.327,3.335,3.311,3.331
2017-11-03,3.327,3.327,3.287,3.317
2017-11-06,3.317,3.335,3.297,3.325
2017-11-07,3.329,3.373,3.329,3.365
2017-11-08,3.365,3.397,3.355,3.367
2017-11-09,3.355,3.391,3.313,3.389
2017-11-10,3.393,3.419,3.373,3.413
2017-11-13,3.417,3.443,3.417,3.431
2017-11-14,3.433,3.441,3.401,3.415
2017-11-15,3.405,3.421,3.377,3.389
2017-11-16,3.381,3.419,3.377,3.407
2017-11-17,3.417,3.425,3.397,3.421
2017-11-20,3.421,3.445,3.365,3.441
2017-11-21,3.441,3.511,3.425,3.511
2017-11-22,3.521,3.539,3.483,3.515
2017-11-23,3.515,3.515,3.399,3.413
2017-11-24,3.409,3.431,3.379,3.419
2017-11-27,3.411,3.411,3.357,3.361
2017-11-28,3.361,3.379,3.333,3.367
2017-11-29,3.371,3.381,3.325,3.363
2017-11-30,3.363,3.363,3.315,3.329
2017-12-01,3.329,3.343,3.301,3.317
2017-12-04,3.317,3.353,3.301,3.333
2017-12-05,3.331,3.359,3.325,3.353
2017-12-06,3.337,3.351,3.291,3.331
2017-12-07,3.331,3.335,3.281,3.289
2017-12-08,3.287,3.327,3.285,3.327
2017-12-11,3.327,3.375,3.327,3.375
2017-12-12,3.375,3.375,3.329,3.329
2017-12-13,3.335,3.359,3.321,3.359
2017-12-14,3.351,3.359,3.323,3.337
2017-12-15,3.327,3.331,3.293,3.297
2017-12-18,3.297,3.321,3.281,3.301
2017-12-19,3.307,3.343,3.295,3.343
2017-12-20,3.337,3.343,3.327,3.329
2017-12-21,3.333,3.379,3.325,3.367
2017-12-22,3.379,3.379,3.353,3.357
2017-12-25,3.369,3.381,3.335,3.345
2017-12-26,3.345,3.363,3.323,3.349
2017-12-27,3.353,3.353,3.295,3.299
2017-12-28,3.301,3.337,3.287,3.325
2017-12-29,3.313,3.341,3.313,3.337
2018-01-02,3.343,3.385,3.343,3.385
2018-01-03,3.387,3.431,3.383,3.403
2018-01-04,3.397,3.425,3.397,3.413
2018-01-05,3.403,3.435,3.403,3.427
2018-01-08,3.411,3.461,3.411,3.449
2018-01-09,3.449,3.479,3.435,3.473
2018-01-10,3.475,3.491,3.461,3.491
2018-01-11,3.477,3.491,3.467,3.483
2018-01-12,3.473,3.499,3.471,3.499
2018-01-15,3.497,3.529,3.483,3.497
2018-01-16,3.497,3.527,3.483,3.527
2018-01-17,3.527,3.549,3.509,3.527
2018-01-18,3.517,3.557,3.515,3.541
2018-01-19,3.545,3.579,3.543,3.549
2018-01-22,3.553,3.599,3.543,3.599
2018-01-23,3.599,3.641,3.599,3.633
2018-01-24,3.633,3.647,3.609,3.643
2018-01-25,3.633,3.641,3.597,3.621
2018-01-26,3.613,3.657,3.605,3.635
2018-01-29,3.651,3.651,3.561,3.569
2018-01-30,3.569,3.581,3.519,3.525
2018-01-31,3.519,3.551,3.507,3.545
2018-02-01,3.551,3.559,3.497,3.515
2018-02-02,3.515,3.547,3.461,3.547
2018-02-05,3.527,3.541,3.495,3.539
2018-02-06,3.517,3.517,3.431,3.439
2018-02-07,3.473,3.497,3.365,3.369
2018-02-08,3.371,3.389,3.309,3.335
2018-02-09,3.275,3.275,3.089,3.163
2018-02-12,3.169,3.229,3.165,3.215
2018-02-13,3.227,3.293,3.225,3.261
2018-02-14,3.271,3.291,3.249,3.289
2018-02-22,3.307,3.355,3.307,3.353
2018-02-23,3.367,3.381,3.347,3.365
2018-02-26,3.421,3.421,3.367,3.411
2018-02-27,3.417,3.417,3.363,3.369
2018-02-28,3.341,3.357,3.305,3.333
2018-03-01,3.303,3.365,3.293,3.351
2018-03-02,3.341,3.359,3.321,3.337
2018-03-05,3.337,3.351,3.311,3.331
2018-03-06,3.327,3.377,3.315,3.375
2018-03-07,3.383,3.391,3.341,3.355
2018-03-08,3.341,3.379,3.331,3.377
2018-03-09,3.381,3.407,3.375,3.405
2018-03-12,3.411,3.435,3.409,3.419
2018-03-13,3.419,3.423,3.381,3.385
2018-03-14,3.385,3.385,3.369,3.377
2018-03-15,3.361,3.395,3.343,3.389
2018-03-16,3.397,3.403,3.361,3.365
2018-03-19,3.357,3.375,3.337,3.373
2018-03-20,3.345,3.379,3.343,3.367
2018-03-21,3.381,3.407,3.351,3.361
2018-03-22,3.359,3.367,3.311,3.321
2018-03-23,3.287,3.287,3.159,3.211
2018-03-26,3.181,3.209,3.159,3.205
2018-03-27,3.257,3.257,3.213,3.229
2018-03-28,3.201,3.223,3.171,3.175
2018-03-29,3.173,3.233,3.141,3.231
2018-03-30,3.241,3.243,3.213,3.229
2018-04-02,3.231,3.263,3.215,3.219
2018-04-03,3.177,3.209,3.173,3.191
2018-04-04,3.209,3.225,3.181,3.189
2018-04-09,3.187,3.201,3.167,3.193
2018-04-10,3.193,3.253,3.191,3.253
2018-04-11,3.251,3.277,3.249,3.261
2018-04-12,3.261,3.261,3.229,3.229
2018-04-13,3.245,3.257,3.209,3.215
2018-04-16,3.213,3.213,3.143,3.153
2018-04-17,3.183,3.183,3.103,3.107
2018-04-18,3.123,3.141,3.079,3.121
2018-04-19,3.123,3.161,3.117,3.153
2018-04-20,3.153,3.153,3.101,3.117
2018-04-23,3.115,3.135,3.093,3.115
2018-04-24,3.127,3.189,3.127,3.181
2018-04-25,3.181,3.181,3.161,3.171
2018-04-26,3.171,3.175,3.103,3.111
2018-04-27,3.121,3.137,3.087,3.127
2018-05-02,3.133,3.143,3.103,3.117
2018-05-03,3.119,3.145,3.093,3.141
2018-05-04,3.141,3.143,3.127,3.129
2018-05-07,3.129,3.179,3.121,3.169
2018-05-08,3.171,3.219,3.171,3.209
2018-05-09,3.209,3.211,3.193,3.203
2018-05-10,3.209,3.231,3.201,3.219
2018-05-11,3.225,3.237,3.205,3.207
2018-05-14,3.217,3.247,3.217,3.233
2018-05-15,3.245,3.253,3.221,3.249
2018-05-16,3.219,3.259,3.217,3.223
2018-05-17,3.223,3.229,3.201,3.201
2018-05-18,3.201,3.231,3.183,3.229
2018-05-21,3.245,3.259,3.239,3.245
2018-05-22,3.245,3.245,3.219,3.239
2018-05-23,3.239,3.239,3.197,3.199
2018-05-24,3.199,3.199,3.159,3.169
2018-05-25,3.167,3.181,3.153,3.157
2018-05-28,3.165,3.189,3.149,3.171
2018-05-29,3.177,3.183,3.151,3.151
2018-05-30,3.141,3.141,3.091,3.107
2018-05-31,3.119,3.155,3.109,3.147
2018-06-01,3.141,3.149,3.115,3.131
2018-06-04,3.137,3.163,3.137,3.163
2018-06-05,3.151,3.189,3.151,3.189
2018-06-06,3.187,3.191,3.175,3.177
2018-06-07,3.185,3.213,3.177,3.177
2018-06-08,3.165,3.169,3.121,3.137
2018-06-11,3.137,3.151,3.117,3.143
2018-06-12,3.149,3.181,3.131,3.173
2018-06-13,3.169,3.169,3.141,3.153
2018-06-14,3.151,3.161,3.129,3.139
2018-06-15,3.139,3.145,3.113,3.125
2018-06-19,3.121,3.125,2.971,3.007
2018-06-20,3.001,3.035,2.979,3.027
2018-06-21,3.029,3.051,2.987,2.989
2018-06-22,2.989,3.011,2.957,3.007
2018-06-25,3.057,3.057,2.971,2.973
2018-06-26,2.961,2.965,2.905,2.945
2018-06-27,2.947,2.951,2.871,2.901
2018-06-28,2.895,2.901,2.847,2.855
2018-06-29,2.875,2.941,2.857,2.929
2018-07-02,2.939,2.939,2.831,2.861
2018-07-03,2.861,2.861,2.777,2.847
2018-07-04,2.841,2.851,2.801,2.801
2018-07-05,2.799,2.839,2.783,2.783
2018-07-06,2.789,2.841,2.761,2.821
2018-07-09,2.827,2.895,2.827,2.893
2018-07-10,2.893,2.903,2.877,2.897
2018-07-11,2.843,2.881,2.599,2.865
2018-07-12,2.861,2.929,2.849,2.915
2018-07-13,2.919,2.933,2.911,2.933
2018-07-16,2.933,2.943,2.901,2.919
2018-07-17,2.919,2.919,2.875,2.901
2018-07-18,2.907,2.921,2.885,2.889
2018-07-19,2.889,2.911,2.875,2.881
2018-07-20,2.881,2.947,2.861,2.933
2018-07-23,2.939,2.963,2.909,2.961
2018-07-24,2.961,3.025,2.961,3.017
2018-07-25,3.023,3.023,3.003,3.007
2018-07-26,3.017,3.019,2.965,2.971
2018-07-27,2.961,2.983,2.955,2.967
2018-07-30,2.961,2.985,2.937,2.957
2018-07-31,2.961,2.973,2.915,2.959
2018-08-01,2.959,3.001,2.897,2.899
2018-08-02,2.899,2.899,2.801,2.841
2018-08-03,2.841,2.841,2.801,2.821
2018-08-06,2.815,2.887,2.741,2.749
2018-08-07,2.761,2.839,2.749,2.839
2018-08-08,2.839,2.839,2.787,2.789
2018-08-09,2.781,2.867,2.777,2.861
2018-08-10,2.861,2.885,2.843,2.867
2018-08-13,2.859,2.863,2.813,2.857
2018-08-14,2.847,2.853,2.827,2.843
2018-08-15,2.843,2.843,2.767,2.771
2018-08-16,2.761,2.809,2.735,2.761
2018-08-17,2.769,2.803,2.729,2.741
2018-08-20,2.733,2.755,2.703,2.755
2018-08-21,2.757,2.805,2.755,2.805
2018-08-22,2.805,2.805,2.783,2.793
2018-08-23,2.793,2.821,2.775,2.795
2018-08-24,2.787,2.825,2.767,2.805
2018-08-27,2.813,2.869,2.803,2.861
2018-08-28,2.861,2.881,2.855,2.861
2018-08-29,2.845,2.865,2.837,2.851
2018-08-30,2.851,2.861,2.821,2.831
2018-08-31,2.825,2.825,2.787,2.801
2018-09-03,2.803,2.803,2.773,2.797
2018-09-04,2.805,2.839,2.789,2.833
2018-09-05,2.821,2.823,2.779,2.781
2018-09-06,2.781,2.793,2.741,2.759
2018-09-07,2.759,2.801,2.749,2.771
2018-09-10,2.779,2.779,2.729,2.737
2018-09-11,2.737,2.743,2.715,2.725
2018-09-12,2.725,2.729,2.701,2.711
2018-09-13,2.727,2.743,2.699,2.729
2018-09-14,2.737,2.741,2.721,2.731
2018-09-17,2.735,2.735,2.701,2.707
2018-09-18,2.707,2.757,2.701,2.751
2018-09-19,2.751,2.811,2.747,2.785
2018-09-20,2.797,2.809,2.779,2.791
2018-09-21,2.791,2.877,2.791,2.875
2018-09-25,2.853,2.859,2.823,2.845
2018-09-26,2.857,2.907,2.851,2.879
2018-09-27,2.881,2.885,2.855,2.873
2018-09-28,2.873,2.907,2.871,2.905
2018-10-08,2.859,2.859,2.773,2.775
2018-10-09,2.781,2.799,2.761,2.779
2018-10-10,2.785,2.799,2.751,2.769
2018-10-11,2.701,2.715,2.615,2.619
2018-10-12,2.631,2.687,2.607,2.675
2018-10-15,2.699,2.699,2.629,2.645
2018-10-16,2.653,2.675,2.607,2.623
2018-10-17,2.657,2.665,2.591,2.631
2018-10-18,2.631,2.631,2.565,2.577
2018-10-19,2.581,2.659,2.541,2.639
2018-10-22,2.661,2.825,2.661,2.779
2018-10-23,2.789,2.789,2.675,2.715
2018-10-24,2.665,2.735,2.665,2.693
2018-10-25,2.567,2.693,2.567,2.691
2018-10-26,2.699,2.715,2.655,2.671
2018-10-29,2.673,2.711,2.597,2.597
2018-10-30,2.601,2.657,2.573,2.619
2018-10-31,2.633,2.669,2.615,2.651
2018-11-01,2.661,2.709,2.661,2.671
2018-11-02,2.723,2.773,2.719,2.769
2018-11-05,2.761,2.767,2.721,2.751
2018-11-06,2.751,2.751,2.709,2.735
2018-11-07,2.741,2.759,2.707,2.713
2018-11-08,2.731,2.739,2.707,2.715
2018-11-09,2.701,2.701,2.673,2.675
2018-11-12,2.675,2.707,2.663,2.703
2018-11-13,2.681,2.745,2.665,2.727
2018-11-14,2.727,2.733,2.693,2.701
2018-11-15,2.701,2.735,2.691,2.735
2018-11-16,2.745,2.771,2.717,2.749
2018-11-19,2.751,2.773,2.741,2.773
2018-11-20,2.763,2.763,2.711,2.721
2018-11-21,2.697,2.727,2.693,2.721
2018-11-22,2.721,2.723,2.693,2.713
2018-11-23,2.715,2.715,2.645,2.673
2018-11-26,2.671,2.677,2.643,2.653
2018-11-27,2.659,2.663,2.635,2.643
2018-11-28,2.645,2.683,2.633,2.679
2018-11-29,2.693,2.697,2.641,2.647
2018-11-30,2.651,2.681,2.643,2.671
2018-12-03,2.741,2.765,2.721,2.749
2018-12-04,2.749,2.759,2.737,2.753
2018-12-05,2.723,2.759,2.713,2.741
2018-12-06,2.723,2.723,2.677,2.683
2018-12-07,2.683,2.697,2.679,2.681
2018-12-10,2.675,2.675,2.643,2.655
2018-12-11,2.657,2.667,2.651,2.667
2018-12-12,2.675,2.683,2.665,2.673
2018-12-13,2.675,2.731,2.673,2.719
2018-12-14,2.721,2.721,2.667,2.669
2018-12-17,2.653,2.675,2.647,2.667
2018-12-18,2.653,2.673,2.623,2.635
2018-12-19,2.643,2.643,2.601,2.605
2018-12-20,2.613,2.615,2.567,2.593
2018-12-21,2.591,2.591,2.537,2.553
2018-12-24,2.553,2.565,2.537,2.561
2018-12-25,2.545,2.555,2.499,2.543
2018-12-26,2.545,2.551,2.521,2.533
2018-12-27,2.581,2.581,2.521,2.529
2018-12-28,2.539,2.551,2.519,2.525
2019-01-02,2.535,2.537,2.485,2.495
2019-01-03,2.511,2.529,2.489,2.493
2019-01-04,2.481,2.559,2.477,2.559
2019-01-07,2.571,2.581,2.555,2.565
2019-01-08,2.577,2.577,2.557,2.567
2019-01-09,2.571,2.625,2.571,2.589
2019-01-10,2.593,2.605,2.573,2.587
2019-01-11,2.587,2.617,2.585,2.609
2019-01-14,2.607,2.611,2.579,2.585
2019-01-15,2.585,2.637,2.585,2.633
2019-01-16,2.631,2.637,2.621,2.633
2019-01-17,2.633,2.649,2.617,2.619
2019-01-18,2.619,2.671,2.619,2.667
2019-01-21,2.665,2.697,2.663,2.681
2019-01-22,2.679,2.679,2.639,2.647
2019-01-23,2.637,2.661,2.635,2.641
2019-01-24,2.641,2.669,2.629,2.659
2019-01-25,2.657,2.699,2.657,2.679
2019-01-28,2.687,2.723,2.673,2.681
2019-01-29,2.681,2.699,2.651,2.689
2019-01-30,2.689,2.697,2.673,2.677
2019-01-31,2.675,2.711,2.675,2.699
2019-02-01,2.717,2.747,2.705,2.745
2019-02-11,2.757,2.795,2.733,2.791
2019-02-12,2.787,2.809,2.779,2.805
2019-02-13,2.811,2.881,2.805,2.865
2019-02-14,2.871,2.881,2.855,2.869
2019-02-15,2.857,2.869,2.815,2.821
2019-02-18,2.825,2.901,2.825,2.899
2019-02-19,2.903,2.931,2.881,2.897
2019-02-20,2.897,2.921,2.887,2.905
2019-02-21,2.901,2.949,2.889,2.901
2019-02-22,2.901,2.981,2.879,2.975
2019-02-25,3.037,3.187,3.009,3.183
2019-02-26,3.189,3.509,3.113,3.121
2019-02-27,3.121,3.149,3.071,3.109
2019-02-28,3.109,3.125,3.085,3.099
2019-03-01,3.121,3.167,3.101,3.161
2019-03-04,3.189,3.297,3.175,3.207
2019-03-05,3.231,3.231,3.191,3.221
2019-03-06,3.223,3.253,3.191,3.251
2019-03-07,3.245,3.245,3.177,3.205
2019-03-08,3.121,3.177,3.081,3.087
2019-03-11,3.087,3.145,3.083,3.137
2019-03-12,3.151,3.207,3.137,3.165
2019-03-13,3.163,3.169,3.121,3.141
2019-03-14,3.127,3.161,3.105,3.117
2019-03-15,3.121,3.195,3.121,3.159
2019-03-18,3.159,3.257,3.151,3.257
2019-03-19,3.267,3.269,3.225,3.239
2019-03-20,3.241,3.255,3.199,3.239
2019-03-21,3.247,3.261,3.225,3.233
2019-03-22,3.233,3.247,3.189,3.237
2019-03-25,3.173,3.211,3.169,3.175
2019-03-26,3.175,3.201,3.121,3.131
2019-03-27,3.129,3.163,3.129,3.155
2019-03-28,3.151,3.167,3.127,3.145
2019-03-29,3.149,3.281,3.149,3.271
2019-04-01,3.313,3.371,3.307,3.363
2019-04-02,3.399,3.399,3.341,3.353
2019-04-03,3.325,3.411,3.325,3.397
2019-04-04,3.413,3.447,3.393,3.439
2019-04-08,3.453,3.487,3.391,3.421
2019-04-09,3.423,3.451,3.409,3.437
2019-04-10,3.413,3.477,3.403,3.449
2019-04-11,3.449,3.465,3.367,3.387
2019-04-12,3.383,3.391,3.351,3.375
2019-04-15,3.417,3.455,3.353,3.359
2019-04-16,3.347,3.459,3.337,3.457
2019-04-17,3.459,3.471,3.429,3.451
2019-04-18,3.453,3.461,3.433,3.445
2019-04-19,3.441,3.491,3.415,3.491
2019-04-22,3.493,3.499,3.403,3.421
2019-04-23,3.387,3.437,3.387,3.405
2019-04-24,3.435,3.435,3.351,3.405
2019-04-25,3.407,3.407,3.335,3.339
2019-04-26,3.341,3.347,3.291,3.293
2019-04-29,3.295,3.345,3.283,3.301
2019-04-30,3.299,3.317,3.289,3.307
2019-05-06,3.299,3.299,3.081,3.125
2019-05-07,3.127,3.167,3.109,3.147
2019-05-08,3.111,3.155,3.091,3.103
2019-05-09,3.099,3.099,3.025,3.051
2019-05-10,3.083,3.165,3.045,3.149
2019-05-13,3.121,3.127,3.095,3.105
2019-05-14,3.065,3.127,3.065,3.087
2019-05-15,3.105,3.167,3.105,3.147
2019-05-16,3.141,3.173,3.133,3.169
2019-05-17,3.163,3.177,3.081,3.091
2019-05-20,3.069,3.097,3.033,3.059
2019-05-21,3.065,3.125,3.057,3.097
2019-05-22,3.097,3.111,3.073,3.095
2019-05-23,3.085,3.089,3.035,3.041
2019-05-24,3.047,3.071,3.033,3.045
2019-05-27,3.043,3.097,3.011,3.083
2019-05-28,3.083,3.123,3.073,3.095
2019-05-29,3.091,3.133,3.077,3.103
2019-05-30,3.103,3.103,3.061,3.095
2019-05-31,3.079,3.121,3.077,3.083
2019-06-03,3.085,3.127,3.069,3.089
2019-06-04,3.097,3.097,3.047,3.061
2019-06-05,3.085,3.093,3.051,3.053
2019-06-06,3.055,3.061,3.023,3.027
2019-06-10,3.037,3.083,3.033,3.069
2019-06-11,3.079,3.171,3.075,3.161
2019-06-12,3.167,3.167,3.135,3.141
2019-06-13,3.141,3.151,3.107,3.137
2019-06-14,3.133,3.155,3.109,3.117
2019-06-17,3.117,3.143,3.107,3.117
2019-06-18,3.117,3.131,3.095,3.123
2019-06-19,3.187,3.241,3.171,3.177
2019-06-20,3.177,3.297,3.173,3.267
2019-06-21,3.267,3.303,3.259,3.275
2019-06-24,3.275,3.289,3.259,3.279
2019-06-25,3.279,3.279,3.203,3.245
2019-06-26,3.225,3.257,3.221,3.241
2019-06-27,3.253,3.297,3.249,3.281
2019-06-28,3.283,3.283,3.255,3.281
2019-07-01,3.365,3.373,3.325,3.367
2019-07-02,3.367,3.373,3.353,3.365
2019-07-03,3.363,3.363,3.323,3.337
2019-07-04,3.335,3.349,3.299,3.315
2019-07-05,3.313,3.341,3.307,3.333
2019-07-08,3.319,3.319,3.229,3.257
2019-07-09,3.257,3.271,3.237,3.251
2019-07-10,3.253,3.269,3.239,3.249
2019-07-11,3.261,3.291,3.237,3.249
2019-07-12,3.253,3.285,3.243,3.273
2019-07-15,3.261,3.313,3.223,3.289
2019-07-16,3.287,3.295,3.267,3.275
2019-07-17,3.273,3.285,3.255,3.271
2019-07-18,3.245,3.265,3.245,3.247
2019-07-19,3.241,3.303,3.241,3.279
2019-07-22,3.283,3.289,3.239,3.257
2019-07-23,3.257,3.267,3.251,3.265
2019-07-24,3.271,3.313,3.271,3.291
2019-07-25,3.291,3.319,3.287,3.319
2019-07-26,3.311,3.335,3.285,3.329
2019-07-29,3.329,3.329,3.309,3.323
2019-07-30,3.319,3.359,3.319,3.337
2019-07-31,3.335,3.335,3.303,3.309
2019-08-01,3.301,3.303,3.271,3.283
2019-08-02,3.241,3.241,3.207,3.231
2019-08-05,3.215,3.223,3.169,3.173
2019-08-06,3.141,3.149,3.083,3.131
2019-08-07,3.143,3.149,3.117,3.119
2019-08-08,3.125,3.171,3.125,3.161
2019-08-09,3.175,3.179,3.129,3.137
2019-08-12,3.149,3.189,3.141,3.187
2019-08-13,3.157,3.175,3.153,3.165
2019-08-14,3.199,3.207,3.177,3.181
2019-08-15,3.145,3.193,3.123,3.191
2019-08-16,3.181,3.225,3.177,3.203
2019-08-19,3.221,3.281,3.211,3.279
2019-08-20,3.279,3.287,3.261,3.265
2019-08-21,3.267,3.273,3.253,3.267
2019-08-22,3.269,3.277,3.255,3.271
2019-08-23,3.271,3.307,3.267,3.297
2019-08-26,3.243,3.265,3.241,3.255
2019-08-27,3.263,3.327,3.263,3.297
2019-08-28,3.297,3.303,3.273,3.283
2019-08-29,3.287,3.287,3.255,3.277
2019-08-30,3.289,3.313,3.265,3.285
2019-09-02,3.281,3.335,3.281,3.321
2019-09-03,3.315,3.329,3.311,3.325
2019-09-04,3.321,3.363,3.321,3.363
2019-09-05,3.387,3.441,3.375,3.395
2019-09-06,3.407,3.421,3.393,3.415
2019-09-09,3.441,3.447,3.421,3.435
2019-09-10,3.423,3.439,3.405,3.423
2019-09-11,3.443,3.443,3.395,3.399
2019-09-12,3.405,3.437,3.403,3.431
2019-09-16,3.437,3.443,3.409,3.427
2019-09-17,3.411,3.415,3.351,3.365
2019-09-18,3.367,3.389,3.367,3.375
2019-09-19,3.385,3.393,3.369,3.393
2019-09-20,3.393,3.409,3.391,3.395
2019-09-23,3.387,3.391,3.347,3.367
2019-09-24,3.367,3.399,3.361,3.369
2019-09-25,3.369,3.369,3.343,3.343
2019-09-26,3.365,3.365,3.317,3.323
2019-09-27,3.323,3.337,3.317,3.331
2019-09-30,3.327,3.333,3.285,3.287
2019-10-08,3.291,3.335,3.291,3.313
2019-10-09,3.313,3.323,3.289,3.323
2019-10-10,3.321,3.357,3.309,3.351
2019-10-11,3.361,3.399,3.345,3.387
2019-10-14,3.411,3.445,3.403,3.415
2019-10-15,3.415,3.415,3.399,3.405
2019-10-16,3.405,3.431,3.391,3.393
2019-10-17,3.393,3.407,3.385,3.393
2019-10-18,3.393,3.411,3.335,3.345
2019-10-21,3.349,3.357,3.331,3.351
2019-10-22,3.357,3.373,3.345,3.371
2019-10-23,3.369,3.373,3.339,3.349
2019-10-24,3.347,3.365,3.327,3.347
2019-10-25,3.347,3.369,3.323,3.369
2019-10-28,3.385,3.397,3.369,3.391
2019-10-29,3.389,3.395,3.379,3.379
2019-10-30,3.379,3.381,3.353,3.363
2019-10-31,3.367,3.377,3.355,3.361
2019-11-01,3.361,3.425,3.353,3.423
2019-11-04,3.421,3.449,3.421,3.439
2019-11-05,3.439,3.495,3.435,3.461
2019-11-06,3.459,3.467,3.437,3.449
2019-11-07,3.449,3.469,3.437,3.451
2019-11-08,3.487,3.497,3.437,3.441
2019-11-11,3.439,3.439,3.373,3.379
2019-11-12,3.381,3.391,3.357,3.375
2019-11-13,3.375,3.381,3.357,3.373
2019-11-14,3.373,3.389,3.363,3.377
2019-11-15,3.379,3.389,3.355,3.357
2019-11-18,3.359,3.389,3.349,3.379
2019-11-19,3.379,3.417,3.373,3.415
2019-11-20,3.415,3.415,3.373,3.379
2019-11-21,3.363,3.377,3.349,3.363
2019-11-22,3.365,3.393,3.319,3.329
2019-11-25,3.321,3.351,3.321,3.349
2019-11-26,3.355,3.371,3.343,3.359
2019-11-27,3.359,3.371,3.341,3.355
2019-11-28,3.351,3.367,3.335,3.347
2019-11-29,3.343,3.345,3.295,3.305
2019-12-02,3.311,3.331,3.309,3.317
2019-12-03,3.315,3.331,3.297,3.331
2019-12-04,3.323,3.333,3.307,3.333
2019-12-05,3.341,3.365,3.341,3.357
2019-12-06,3.361,3.381,3.359,3.377
2019-12-09,3.379,3.387,3.361,3.371
2019-12-10,3.371,3.379,3.361,3.377
2019-12-11,3.381,3.385,3.367,3.379
2019-12-12,3.379,3.385,3.367,3.371
2019-12-13,3.391,3.447,3.391,3.443
2019-12-16,3.447,3.453,3.423,3.447
2019-12-17,3.445,3.525,3.445,3.505
2019-12-18,3.511,3.515,3.483,3.487
2019-12-19,3.493,3.497,3.477,3.487
2019-12-20,3.487,3.507,3.481,3.481
2019-12-23,3.481,3.489,3.431,3.433
2019-12-24,3.433,3.463,3.431,3.457
2019-12-25,3.457,3.471,3.447,3.461
2019-12-26,3.461,3.487,3.453,3.481
2019-12-27,3.483,3.525,3.481,3.483
2019-12-30,3.481,3.545,3.465,3.541
2019-12-31,3.541,3.555,3.527,3.549
2020-01-02,3.575,3.617,3.571,3.593
2020-01-03,3.599,3.609,3.581,3.589
2020-01-06,3.587,3.613,3.547,3.573
2020-01-07,3.577,3.603,3.577,3.597
2020-01-08,3.595,3.595,3.553,3.567
2020-01-09,3.591,3.611,3.589,3.603
2020-01-10,3.613,3.621,3.593,3.607
2020-01-13,3.607,3.647,3.591,3.645
2020-01-14,3.657,3.661,3.627,3.631
2020-01-15,3.629,3.635,3.595,3.603
2020-01-16,3.607,3.613,3.585,3.597
2020-01-17,3.599,3.623,3.589,3.599
2020-01-20,3.601,3.631,3.595,3.627
2020-01-21,3.621,3.621,3.559,3.565
2020-01-22,3.553,3.591,3.501,3.577
2020-01-23,3.555,3.557,3.439,3.479
2020-02-03,3.181,3.281,3.125,3.131
2020-02-04,3.121,3.273,3.121,3.267
2020-02-05,3.265,3.341,3.265,3.305
2020-02-06,3.309,3.395,3.289,3.375
2020-02-07,3.365,3.377,3.331,3.377
2020-02-10,3.361,3.391,3.341,3.381
2020-02-11,3.381,3.437,3.381,3.421
2020-02-12,3.407,3.453,3.407,3.449
2020-02-13,3.443,3.461,3.421,3.435
2020-02-14,3.413,3.469,3.413,3.449
2020-02-17,3.451,3.533,3.451,3.527
2020-02-18,3.523,3.527,3.485,3.511
2020-02-19,3.507,3.535,3.499,3.507
2020-02-20,3.513,3.601,3.511,3.591
2020-02-21,3.591,3.631,3.579,3.603
2020-02-24,3.591,3.601,3.545,3.569
2020-02-25,3.521,3.575,3.485,3.567
2020-02-26,3.517,3.579,3.513,3.533
2020-02-27,3.533,3.561,3.527,3.535
2020-02-28,3.481,3.503,3.407,3.429
2020-03-02,3.435,3.555,3.435,3.537
2020-03-03,3.571,3.599,3.525,3.541
2020-03-04,3.541,3.563,3.515,3.561
2020-03-05,3.595,3.655,3.575,3.643
2020-03-06,3.635,3.635,3.585,3.589
2020-03-09,3.551,3.551,3.463,3.473
2020-03-10,3.463,3.547,3.431,3.543
2020-03-11,3.543,3.545,3.489,3.491
2020-03-12,3.445,3.461,3.407,3.433
2020-03-13,3.325,3.419,3.255,3.391
2020-03-16,3.401,3.411,3.225,3.227
2020-03-17,3.241,3.321,3.137,3.207
2020-03-18,3.229,3.269,3.143,3.147
2020-03-19,3.165,3.165,3.027,3.113
2020-03-20,3.135,3.173,3.103,3.173
2020-03-23,3.121,3.123,3.049,3.059
2020-03-24,3.111,3.139,3.065,3.127
2020-03-25,3.203,3.229,3.185,3.217
2020-03-26,3.201,3.233,3.177,3.197
2020-03-27,3.233,3.259,3.211,3.213
2020-03-30,3.175,3.197,3.147,3.181
2020-03-31,3.209,3.219,3.177,3.183
2020-04-01,3.179,3.229,3.173,3.179
2020-04-02,3.171,3.239,3.161,3.237
2020-04-03,3.231,3.233,3.201,3.213
2020-04-07,3.261,3.293,3.257,3.281
2020-04-08,3.277,3.283,3.259,3.271
2020-04-09,3.281,3.291,3.275,3.281
2020-04-10,3.285,3.309,3.251,3.267
2020-04-13,3.261,3.263,3.239,3.247
2020-04-14,3.261,3.309,3.259,3.309
2020-04-15,3.311,3.313,3.287,3.291
2020-04-16,3.281,3.299,3.271,3.291
2020-04-17,3.301,3.343,3.301,3.327
2020-04-20,3.327,3.335,3.297,3.333
2020-04-21,3.313,3.327,3.271,3.297
2020-04-22,3.283,3.329,3.273,3.329
2020-04-23,3.333,3.339,3.311,3.321
2020-04-24,3.319,3.319,3.281,3.289
2020-04-27,3.291,3.331,3.289,3.313
2020-04-28,3.307,3.343,3.263,3.333
2020-04-29,3.309,3.361,3.309,3.347
2020-04-30,3.357,3.403,3.355,3.399
2020-05-06,3.359,3.419,3.341,3.411
2020-05-07,3.409,3.415,3.395,3.403
2020-05-08,3.413,3.455,3.413,3.439
2020-05-11,3.441,3.471,3.423,3.433
2020-05-12,3.433,3.447,3.411,3.433
2020-05-13,3.419,3.447,3.413,3.443
2020-05-14,3.429,3.431,3.407,3.413
2020-05-15,3.421,3.427,3.389,3.391
2020-05-18,3.391,3.425,3.383,3.403
2020-05-19,3.435,3.447,3.421,3.433
2020-05-20,3.433,3.433,3.409,3.413
2020-05-21,3.421,3.427,3.391,3.393
2020-05-22,3.393,3.401,3.317,3.321
2020-05-25,3.325,3.327,3.303,3.319
2020-05-26,3.331,3.365,3.325,3.365
2020-05-27,3.361,3.361,3.335,3.349
2020-05-28,3.345,3.381,3.317,3.351
2020-05-29,3.333,3.365,3.325,3.357
2020-06-01,3.375,3.459,3.375,3.451
2020-06-02,3.453,3.473,3.443,3.465
2020-06-03,3.481,3.501,3.463,3.465
2020-06-04,3.465,3.481,3.453,3.465
2020-06-05,3.473,3.491,3.455,3.489
2020-06-08,3.495,3.527,3.495,3.503
2020-06-09,3.503,3.529,3.497,3.519
2020-06-10,3.521,3.525,3.507,3.523
2020-06-11,3.523,3.531,3.471,3.485
2020-06-12,3.455,3.507,3.433,3.493
2020-06-15,3.479,3.491,3.447,3.451
2020-06-16,3.465,3.501,3.465,3.499
2020-06-17,3.499,3.505,3.481,3.503
2020-06-18,3.501,3.537,3.489,3.535
2020-06-19,3.537,3.593,3.531,3.571
2020-06-22,3.601,3.607,3.571,3.579
2020-06-23,3.579,3.605,3.563,3.605
2020-06-24,3.605,3.631,3.605,3.629
2020-06-29,3.623,3.627,3.581,3.601
2020-06-30,3.615,3.661,3.615,3.649
2020-07-01,3.661,3.731,3.647,3.725
2020-07-02,3.733,3.817,3.721,3.807
2020-07-03,3.817,3.893,3.815,3.887
2020-07-06,3.921,4.202,3.921,4.184
2020-07-07,4.244,4.282,4.131,4.145
2020-07-08,4.145,4.230,4.117,4.192
2020-07-09,4.194,4.280,4.178,4.270
2020-07-10,4.256,4.256,4.166,4.190
2020-07-13,4.184,4.312,4.182,4.276
2020-07-14,4.274,4.290,4.182,4.240
2020-07-15,4.258,4.282,4.174,4.194
2020-07-16,4.190,4.224,3.987,4.001
2020-07-17,3.993,4.065,3.967,4.013
2020-07-20,4.029,4.141,4.015,4.139
2020-07-21,4.168,4.170,4.125,4.155
2020-07-22,4.143,4.250,4.141,4.176
2020-07-23,4.155,4.196,4.083,4.172
2020-07-24,4.157,4.157,3.971,4.005
2020-07-27,4.005,4.041,3.969,4.013
2020-07-28,4.039,4.061,4.015,4.043
2020-07-29,4.027,4.160,4.027,4.157
2020-07-30,4.155,4.170,4.121,4.127
2020-07-31,4.125,4.212,4.091,4.157
2020-08-03,4.178,4.234,4.178,4.234
2020-08-04,4.242,4.262,4.212,4.230
2020-08-05,4.220,4.248,4.174,4.232
2020-08-06,4.230,4.252,4.153,4.224
2020-08-07,4.202,4.214,4.111,4.184
2020-08-10,4.166,4.224,4.115,4.198
2020-08-11,4.200,4.254,4.143,4.151
2020-08-12,4.145,4.157,4.051,4.119
2020-08-13,4.119,4.141,4.101,4.107
2020-08-14,4.103,4.190,4.095,4.188
2020-08-17,4.194,4.302,4.194,4.280
2020-08-18,4.290,4.290,4.250,4.274
2020-08-19,4.278,4.278,4.208,4.210
2020-08-20,4.196,4.198,4.141,4.157
2020-08-21,4.174,4.220,4.162,4.200
2020-08-24,4.214,4.240,4.192,4.224
2020-08-25,4.242,4.278,4.216,4.236
2020-08-26,4.226,4.258,4.168,4.184
2020-08-27,4.184,4.214,4.162,4.212
2020-08-28,4.196,4.324,4.196,4.316
2020-08-31,4.330,4.364,4.278,4.290
2020-09-01,4.294,4.308,4.262,4.308
2020-09-02,4.306,4.324,4.264,4.302
2020-09-03,4.294,4.338,4.270,4.288
2020-09-04,4.252,4.258,4.204,4.250
2020-09-07,4.238,4.262,4.137,4.162
2020-09-08,4.182,4.188,4.127,4.174
2020-09-09,4.131,4.135,4.049,4.081
2020-09-10,4.103,4.129,4.063,4.075
2020-09-11,4.075,4.119,4.059,4.115
2020-09-14,4.117,4.145,4.109,4.133
2020-09-15,4.131,4.172,4.121,4.166
2020-09-16,4.174,4.174,4.125,4.145
2020-09-17,4.133,4.151,4.095,4.121
2020-09-18,4.121,4.224,4.121,4.224
2020-09-21,4.226,4.238,4.172,4.176
2020-09-22,4.149,4.190,4.105,4.125
2020-09-23,4.127,4.151,4.111,4.137
2020-09-24,4.109,4.119,4.059,4.065
2020-09-25,4.069,4.097,4.055,4.073
2020-09-28,4.071,4.109,4.065,4.081
2020-09-29,4.091,4.117,4.083,4.089
2020-09-30,4.099,4.123,4.055,4.075
2020-10-09,4.107,4.186,4.107,4.166
2020-10-12,4.178,4.298,4.168,4.296
2020-10-13,4.306,4.320,4.270,4.312
2020-10-14,4.302,4.302,4.274,4.286
2020-10-15,4.282,4.310,4.270,4.280
2020-10-16,4.276,4.302,4.240,4.274
2020-10-19,4.288,4.330,4.228,4.238
2020-10-20,4.228,4.272,4.224,4.268
2020-10-21,4.270,4.280,4.238,4.276
2020-10-22,4.262,4.274,4.210,4.260
2020-10-23,4.256,4.282,4.206,4.216
2020-10-26,4.202,4.202,4.133,4.174
2020-10-27,4.157,4.198,4.157,4.194
2020-10-28,4.194,4.236,4.176,4.224
2020-10-29,4.190,4.280,4.178,4.266
2020-10-30,4.260,4.264,4.178,4.186
2020-11-02,4.186,4.228,4.186,4.208
2020-11-03,4.222,4.276,4.222,4.260
2020-11-04,4.260,4.308,4.252,4.288
2020-11-05,4.314,4.362,4.312,4.358
2020-11-06,4.366,4.372,4.322,4.360
2020-11-09,4.376,4.470,4.376,4.444
2020-11-10,4.478,4.480,4.396,4.420
2020-11-11,4.408,4.424,4.372,4.376
2020-11-12,4.378,4.398,4.360,4.378
2020-11-13,4.364,4.364,4.302,4.334
2020-11-16,4.376,4.382,4.324,4.380
2020-11-17,4.386,4.386,4.344,4.368
2020-11-18,4.366,4.388,4.344,4.362
2020-11-19,4.360,4.412,4.346,4.400
2020-11-20,4.402,4.420,4.390,4.414
2020-11-23,4.420,4.492,4.406,4.464
2020-11-24,4.460,4.470,4.432,4.440
2020-11-25,4.458,4.470,4.388,4.390
2020-11-26,4.392,4.400,4.348,4.388
2020-11-27,4.392,4.460,4.386,4.456
2020-11-30,4.464,4.518,4.432,4.434
2020-12-01,4.442,4.536,4.436,4.532
2020-12-02,4.536,4.552,4.502,4.528
2020-12-03,4.530,4.536,4.500,4.522
2020-12-04,4.524,4.536,4.478,4.532
2020-12-07,4.532,4.534,4.476,4.490
2020-12-08,4.490,4.510,4.470,4.478
2020-12-09,4.480,4.498,4.416,4.424
2020-12-10,4.420,4.434,4.400,4.416
2020-12-11,4.422,4.432,4.334,4.364
2020-12-14,4.366,4.404,4.358,4.400
2020-12-15,4.400,4.420,4.376,4.412
2020-12-16,4.414,4.432,4.406,4.420
2020-12-17,4.418,4.488,4.414,4.488
2020-12-18,4.490,4.492,4.440,4.468
2020-12-21,4.462,4.512,4.436,4.500
2020-12-22,4.498,4.508,4.428,4.430
2020-12-23,4.430,4.490,4.430,4.468
2020-12-24,4.468,4.490,4.452,4.468
2020-12-25,4.466,4.508,4.444,4.506
2020-12-28,4.506,4.548,4.496,4.524
2020-12-29,4.524,4.546,4.502,4.508
2020-12-30,4.498,4.564,4.496,4.564
2020-12-31,4.574,4.662,4.574,4.658
2021-01-04,4.668,4.724,4.634,4.706
2021-01-05,4.700,4.800,4.670,4.790
2021-01-06,4.802,4.862,4.782,4.838
2021-01-07,4.846,4.942,4.830,4.938
2021-01-08,4.942,4.968,4.870,4.920
2021-01-11,4.920,4.962,4.838,4.862
2021-01-12,4.848,5.012,4.848,5.008
2021-01-13,5.038,5.042,4.956,4.986
2021-01-14,4.986,4.986,4.888,4.894
2021-01-15,4.894,4.920,4.820,4.882
2021-01-18,4.866,4.956,4.838,4.932
2021-01-19,4.936,4.944,4.848,4.862
2021-01-20,4.862,4.910,4.854,4.890
2021-01-21,4.914,4.998,4.906,4.976
2021-01-22,4.978,4.988,4.924,4.974
2021-01-25,4.972,5.052,4.946,5.028
2021-01-26,5.022,5.022,4.924,4.936
2021-01-27,4.934,4.960,4.880,4.942
2021-01-28,4.876,4.888,4.800,4.810
2021-01-29,4.824,4.852,4.738,4.790
2021-02-01,4.796,4.842,4.780,4.838
2021-02-02,4.856,4.912,4.840,4.912
2021-02-03,4.914,4.942,4.894,4.908
2021-02-04,4.892,4.924,4.846,4.898
2021-02-05,4.898,4.962,4.898,4.906
2021-02-08,4.912,4.986,4.898,4.964
2021-02-09,4.972,5.094,4.968,5.088
2021-02-10,5.100,5.224,5.096,5.200
2021-02-18,5.302,5.312,5.142,5.168
2021-02-19,5.128,5.178,5.076,5.160
2021-02-22,5.164,5.166,5.004,5.006
2021-02-23,4.992,5.046,4.964,4.992
2021-02-24,5.020,5.020,4.808,4.854
2021-02-25,4.894,4.940,4.868,4.900
2021-02-26,4.822,4.848,4.758,4.772
2021-03-01,4.798,4.846,4.786,4.842
2021-03-02,4.862,4.874,4.750,4.786
2021-03-03,4.778,4.878,4.760,4.876
2021-03-04,4.834,4.834,4.704,4.736
2021-03-05,4.692,4.750,4.632,4.708
2021-03-08,4.734,4.766,4.534,4.540
2021-03-09,4.540,4.556,4.398,4.444
2021-03-10,4.522,4.522,4.448,4.462
2021-03-11,4.476,4.588,4.476,4.580
2021-03-12,4.586,4.598,4.540,4.592
2021-03-15,4.580,4.586,4.464,4.504
2021-03-16,4.504,4.546,4.476,4.530
2021-03-17,4.510,4.578,4.478,4.550
2021-03-18,4.556,4.610,4.556,4.590
2021-03-19,4.542,4.542,4.442,4.472
2021-03-22,4.474,4.530,4.456,4.510
2021-03-23,4.524,4.528,4.436,4.474
2021-03-24,4.460,4.496,4.394,4.410
2021-03-25,4.392,4.426,4.368,4.406
2021-03-26,4.422,4.518,4.420,4.496
2021-03-29,4.494,4.542,4.468,4.502
2021-03-30,4.498,4.558,4.494,4.544
2021-03-31,4.556,4.556,4.478,4.510
2021-04-01,4.514,4.580,4.514,4.572
2021-04-02,4.582,4.618,4.570,4.612
2021-04-06,4.622,4.634,4.576,4.584
2021-04-07,4.598,4.598,4.532,4.560
2021-04-08,4.552,4.586,4.520,4.570
2021-04-09,4.566,4.566,4.494,4.506
2021-04-12,4.496,4.514,4.412,4.426
2021-04-13,4.416,4.462,4.406,4.420
2021-04-14,4.428,4.456,4.418,4.446
2021-04-15,4.440,4.440,4.372,4.424
2021-04-16,4.440,4.450,4.394,4.442
2021-04-19,4.442,4.558,4.410,4.554
2021-04-20,4.536,4.576,4.524,4.546
2021-04-21,4.528,4.566,4.510,4.550
2021-04-22,4.560,4.578,4.530,4.548
2021-04-23,4.548,4.608,4.542,4.598
2021-04-26,4.596,4.646,4.532,4.534
2021-04-27,4.532,4.558,4.520,4.554
2021-04-28,4.528,4.590,4.518,4.586
2021-04-29,4.588,4.642,4.580,4.624
2021-04-30,4.622,4.626,4.560,4.594
2021-05-06,4.586,4.600,4.508,4.528
2021-05-07,4.534,4.562,4.472,4.476
2021-05-10,4.476,4.494,4.430,4.472
2021-05-11,4.452,4.512,4.410,4.496
2021-05-12,4.486,4.528,4.468,4.522
2021-05-13,4.488,4.496,4.450,4.472
2021-05-14,4.490,4.588,4.466,4.586
2021-05-17,4.582,4.668,4.582,4.642
2021-05-18,4.644,4.666,4.622,4.642
2021-05-19,4.646,4.652,4.612,4.632
2021-05-20,4.618,4.660,4.610,4.648
2021-05-21,4.650,4.682,4.582,4.600
2021-05-24,4.602,4.622,4.560,4.618
2021-05-25,4.618,4.782,4.618,4.770
2021-05-26,4.782,4.794,4.760,4.770
2021-05-27,4.768,4.830,4.738,4.786
2021-05-28,4.778,4.810,4.742,4.774
2021-05-31,4.770,4.782,4.736,4.780
2021-06-01,4.766,4.792,4.720,4.788
2021-06-02,4.788,4.798,4.726,4.752
2021-06-03,4.748,4.768,4.710,4.712
2021-06-04,4.696,4.798,4.688,4.742
2021-06-07,4.744,4.752,4.704,4.738
2021-06-08,4.738,4.786,4.674,4.704
2021-06-09,4.704,4.718,4.686,4.706
2021-06-10,4.706,4.764,4.700,4.738
2021-06-11,4.738,4.754,4.690,4.692
2021-06-15,4.696,4.700,4.616,4.640
2021-06-16,4.640,4.642,4.562,4.578
2021-06-17,4.578,4.606,4.568,4.586
2021-06-18,4.586,4.618,4.556,4.590
2021-06-21,4.582,4.618,4.552,4.584
2021-06-22,4.596,4.616,4.574,4.612
2021-06-23,4.616,4.662,4.602,4.638
2021-06-24,4.638,4.652,4.618,4.650
2021-06-25,4.650,4.740,4.650,4.726
2021-06-28,4.726,4.746,4.710,4.728
2021-06-29,4.738,4.738,4.678,4.684
2021-06-30,4.678,4.722,4.676,4.714
2021-07-01,4.732,4.736,4.678,4.698
2021-07-02,4.690,4.690,4.582,4.586
2021-07-05,4.588,4.602,4.562,4.594
2021-07-06,4.594,4.602,4.544,4.594
2021-07-07,4.578,4.660,4.568,4.642
2021-07-08,4.662,4.666,4.590,4.602
2021-07-09,4.598,4.600,4.532,4.582
2021-07-12,4.602,4.668,4.590,4.642
2021-07-13,4.640,4.674,4.632,4.656
2021-07-14,4.644,4.644,4.596,4.604
2021-07-15,4.594,4.674,4.592,4.666
2021-07-16,4.662,4.666,4.620,4.630
2021-07-19,4.622,4.654,4.576,4.642
2021-07-20,4.618,4.642,4.594,4.628
2021-07-21,4.634,4.684,4.634,4.664
2021-07-22,4.668,4.690,4.662,4.670
2021-07-23,4.666,4.668,4.614,4.624
2021-07-26,4.608,4.608,4.412,4.474
2021-07-27,4.470,4.480,4.310,4.316
2021-07-28,4.310,4.342,4.242,4.318
2021-07-29,4.370,4.408,4.354,4.392
2021-07-30,4.382,4.382,4.318,4.362
2021-08-02,4.322,4.478,4.322,4.468
2021-08-03,4.458,4.496,4.436,4.476
2021-08-04,4.474,4.522,4.464,4.508
2021-08-05,4.494,4.536,4.462,4.484
2021-08-06,4.486,4.502,4.450,4.472
2021-08-09,4.458,4.546,4.440,4.522
2021-08-10,4.522,4.582,4.488,4.580
2021-08-11,4.580,4.598,4.550,4.556
2021-08-12,4.556,4.562,4.516,4.522
2021-08-13,4.516,4.546,4.472,4.502
2021-08-16,4.510,4.526,4.486,4.498
2021-08-17,4.498,4.524,4.386,4.396
2021-08-18,4.396,4.470,4.386,4.444
2021-08-19,4.440,4.444,4.394,4.414
2021-08-20,4.412,4.412,4.294,4.336
2021-08-23,4.338,4.408,4.336,4.392
2021-08-24,4.412,4.464,4.402,4.448
2021-08-25,4.454,4.462,4.430,4.454
2021-08-26,4.454,4.454,4.374,4.384
2021-08-27,4.380,4.434,4.378,4.398
2021-08-30,4.398,4.412,4.356,4.378
2021-08-31,4.372,4.394,4.312,4.376
2021-09-01,4.384,4.474,4.340,4.442
2021-09-02,4.444,4.456,4.412,4.434
2021-09-03,4.440,4.460,4.402,4.414
2021-09-06,4.406,4.502,4.406,4.490
2021-09-07,4.500,4.568,4.474,4.546
2021-09-08,4.546,4.572,4.512,4.526
2021-09-09,4.522,4.526,4.490,4.522
2021-09-10,4.522,4.604,4.518,4.570
2021-09-13,4.568,4.590,4.522,4.548
2021-09-14,4.544,4.562,4.464,4.484
2021-09-15,4.484,4.484,4.412,4.436
2021-09-16,4.438,4.450,4.378,4.386
2021-09-17,4.388,4.428,4.366,4.422
2021-09-22,4.382,4.408,4.356,4.392
2021-09-23,4.398,4.450,4.398,4.418
2021-09-24,4.420,4.466,4.414,4.426
2021-09-27,4.428,4.490,4.418,4.456
2021-09-28,4.460,4.474,4.422,4.450
2021-09-29,4.436,4.442,4.378,4.414
2021-09-30,4.416,4.446,4.416,4.430
2021-10-08,4.462,4.504,4.462,4.492
2021-10-11,4.494,4.546,4.492,4.498
2021-10-12,4.480,4.492,4.412,4.444
2021-10-13,4.446,4.514,4.440,4.498
2021-10-14,4.486,4.520,4.468,4.478
2021-10-15,4.478,4.508,4.456,4.500
2021-10-18,4.506,4.506,4.414,4.442
2021-10-19,4.444,4.494,4.440,4.486
2021-10-20,4.492,4.514,4.464,4.476
2021-10-21,4.478,4.518,4.458,4.496
2021-10-22,4.500,4.558,4.500,4.522
2021-10-25,4.504,4.548,4.504,4.542
2021-10-26,4.552,4.574,4.516,4.528
2021-10-27,4.526,4.526,4.454,4.470
2021-10-28,4.466,4.472,4.426,4.446
2021-10-29,4.460,4.478,4.434,4.476
2021-11-01,4.458,4.484,4.438,4.462
2021-11-02,4.462,4.488,4.382,4.414
2021-11-03,4.414,4.436,4.386,4.398
2021-11-04,4.410,4.448,4.410,4.440
2021-11-05,4.438,4.464,4.424,4.426
2021-11-08,4.426,4.446,4.406,4.424
2021-11-09,4.434,4.452,4.398,4.426
2021-11-10,4.424,4.424,4.336,4.398
2021-11-11,4.386,4.472,4.382,4.466
2021-11-12,4.468,4.484,4.452,4.466
2021-11-15,4.468,4.486,4.438,4.458
2021-11-16,4.464,4.490,4.450,4.458
2021-11-17,4.454,4.468,4.440,4.454
2021-11-18,4.452,4.452,4.406,4.420
2021-11-19,4.414,4.470,4.404,4.462
2021-11-22,4.468,4.488,4.460,4.482
2021-11-23,4.478,4.496,4.468,4.478
2021-11-24,4.478,4.510,4.472,4.488
2021-11-25,4.494,4.494,4.468,4.474
2021-11-26,4.462,4.464,4.432,4.442
2021-11-29,4.436,4.438,4.408,4.430
2021-11-30,4.434,4.450,4.394,4.418
2021-12-01,4.410,4.432,4.410,4.426
2021-12-02,4.424,4.446,4.406,4.436
2021-12-03,4.430,4.476,4.428,4.476
2021-12-06,4.476,4.512,4.468,4.472
2021-12-07,4.486,4.502,4.474,4.496
2021-12-08,4.498,4.570,4.488,4.564
2021-12-09,4.570,4.688,4.566,4.642
2021-12-10,4.638,4.638,4.614,4.628
2021-12-13,4.636,4.708,4.636,4.644
2021-12-14,4.628,4.646,4.608,4.618
2021-12-15,4.620,4.626,4.570,4.574
2021-12-16,4.590,4.600,4.560,4.598
2021-12-17,4.596,4.596,4.528,4.532
2021-12-20,4.532,4.550,4.456,4.464
2021-12-21,4.460,4.492,4.454,4.482
2021-12-22,4.492,4.506,4.474,4.484
2021-12-23,4.490,4.526,4.476,4.518
2021-12-24,4.522,4.532,4.482,4.508
2021-12-27,4.496,4.518,4.476,4.502
2021-12-28,4.502,4.538,4.494,4.526
2021-12-29,4.526,4.530,4.458,4.462
2021-12-30,4.460,4.510,4.458,4.496
2021-12-31,4.502,4.522,4.492,4.506
2022-01-04,4.514,4.522,4.450,4.492
2022-01-05,4.486,4.492,4.434,4.448
2022-01-06,4.442,4.442,4.372,4.398
2022-01-07,4.408,4.434,4.402,4.406
2022-01-10,4.406,4.428,4.370,4.416
2022-01-11,4.412,4.426,4.376,4.380
2022-01-12,4.396,4.438,4.396,4.424
2022-01-13,4.426,4.436,4.348,4.350
2022-01-14,4.346,4.352,4.308,4.312
2022-01-17,4.302,4.364,4.302,4.348
2022-01-18,4.352,4.406,4.332,4.390
2022-01-19,4.390,4.414,4.348,4.370
2022-01-20,4.368,4.428,4.364,4.402
2022-01-21,4.394,4.400,4.354,4.374
2022-01-24,4.362,4.386,4.338,4.374
2022-01-25,4.360,4.366,4.276,4.280
2022-01-26,4.282,4.308,4.248,4.302
2022-01-27,4.300,4.300,4.220,4.230
2022-01-28,4.240,4.258,4.168,4.176
2022-02-07,4.222,4.264,4.208,4.224
2022-02-08,4.226,4.226,4.125,4.206
2022-02-09,4.206,4.250,4.194,4.242
2022-02-10,4.244,4.248,4.212,4.242
2022-02-11,4.222,4.256,4.200,4.206
2022-02-14,4.190,4.198,4.137,4.155
2022-02-15,4.153,4.198,4.149,4.192
2022-02-16,4.198,4.236,4.198,4.210
2022-02-17,4.204,4.246,4.200,4.216
2022-02-18,4.210,4.246,4.196,4.242
2022-02-21,4.238,4.242,4.212,4.228
2022-02-22,4.210,4.216,4.155,4.176
2022-02-23,4.172,4.220,4.172,4.216
2022-02-24,4.202,4.206,4.103,4.137
2022-02-25,4.153,4.214,4.153,4.170
2022-02-28,4.162,4.180,4.133,4.178
2022-03-01,4.186,4.218,4.180,4.212
2022-03-02,4.196,4.198,4.160,4.180
2022-03-03,4.192,4.204,4.145,4.153
2022-03-04,4.145,4.145,4.091,4.105
2022-03-07,4.089,4.089,3.955,3.967
2022-03-08,3.967,3.995,3.875,3.885
2022-03-09,3.885,3.921,3.713,3.863
2022-03-10,3.921,3.949,3.905,3.909
2022-03-11,3.851,3.939,3.803,3.931
2022-03-14,3.889,3.899,3.807,3.813
2022-03-15,3.753,3.803,3.621,3.635
2022-03-16,3.703,3.807,3.583,3.795
2022-03-17,3.831,3.919,3.815,3.861
2022-03-18,3.851,3.901,3.823,3.889
2022-03-21,3.901,3.909,3.851,3.879
2022-03-22,3.869,3.913,3.863,3.881
2022-03-23,3.895,3.911,3.865,3.897
2022-03-24,3.873,3.899,3.845,3.881
2022-03-25,3.881,3.885,3.807,3.809
2022-03-28,3.787,3.811,3.725,3.783
2022-03-29,3.789,3.809,3.759,3.763
2022-03-30,3.783,3.879,3.783,3.875
2022-03-31,3.865,3.875,3.843,3.845
2022-04-01,3.829,3.915,3.815,3.897
2022-04-06,3.881,3.897,3.859,3.887
2022-04-07,3.875,3.897,3.829,3.835
2022-04-08,3.835,3.865,3.813,3.861
2022-04-11,3.851,3.851,3.731,3.745
2022-04-12,3.737,3.813,3.721,3.807
2022-04-13,3.797,3.823,3.771,3.777
2022-04-14,3.795,3.845,3.791,3.819
2022-04-15,3.801,3.839,3.789,3.815
2022-04-18,3.803,3.803,3.755,3.799
2022-04-19,3.799,3.819,3.749,3.775
2022-04-20,3.777,3.781,3.701,3.721
2022-04-21,3.681,3.725,3.629,3.643
2022-04-22,3.625,3.685,3.605,3.659
2022-04-25,3.621,3.621,3.475,3.485
2022-04-26,3.483,3.529,3.435,3.445
2022-04-27,3.435,3.545,3.425,3.545
2022-04-28,3.517,3.587,3.517,3.571
2022-04-29,3.585,3.669,3.551,3.661
2022-05-05,3.657,3.677,3.639,3.653
2022-05-06,3.611,3.611,3.557,3.563
2022-05-09,3.553,3.563,3.507,3.531
2022-05-10,3.487,3.587,3.469,3.575
2022-05-11,3.573,3.673,3.571,3.621
2022-05-12,3.607,3.633,3.587,3.607
2022-05-13,3.625,3.649,3.605,3.633
2022-05-16,3.649,3.663,3.595,3.605
2022-05-17,3.605,3.651,3.605,3.649
2022-05-18,3.655,3.665,3.611,3.637
2022-05-19,3.605,3.647,3.593,3.641
2022-05-20,3.649,3.721,3.645,3.721
2022-05-23,3.715,3.719,3.669,3.691
2022-05-24,3.693,3.697,3.615,3.623
2022-05-25,3.607,3.633,3.603,3.633
2022-05-26,3.639,3.671,3.589,3.645
2022-05-27,3.661,3.701,3.637,3.653
2022-05-30,3.663,3.691,3.659,3.673
2022-05-31,3.673,3.745,3.669,3.731
2022-06-01,3.731,3.741,3.709,3.733
2022-06-02,3.725,3.751,3.707,3.745
2022-06-06,3.745,3.813,3.709,3.809
2022-06-07,3.797,3.841,3.795,3.817
2022-06-08,3.819,3.867,3.807,3.855
2022-06-09,3.853,3.869,3.811,3.825
2022-06-10,3.801,3.897,3.801,3.883
2022-06-13,3.863,3.865,3.811,3.837
2022-06-14,3.801,3.877,3.757,3.875
2022-06-15,3.871,3.989,3.861,3.917
2022-06-16,3.919,3.947,3.887,3.897
2022-06-17,3.883,3.963,3.857,3.947
2022-06-20,3.935,4.013,3.935,3.973
2022-06-21,3.969,4.007,3.937,3.971
2022-06-22,3.973,3.973,3.921,3.925
2022-06-23,3.921,3.997,3.921,3.991
2022-06-24,3.993,4.051,3.993,4.037
2022-06-27,4.041,4.117,4.041,4.085
2022-06-28,4.085,4.147,4.059,4.129
2022-06-29,4.121,4.147,4.069,4.083
2022-06-30,4.083,4.162,4.073,4.125
2022-07-01,4.125,4.143,4.097,4.113
2022-07-04,4.091,4.139,4.075,4.135
2022-07-05,4.141,4.182,4.089,4.133
2022-07-06,4.123,4.129,4.055,4.073
2022-07-07,4.067,4.109,4.051,4.093
2022-07-08,4.101,4.133,4.081,4.083
2022-07-11,4.081,4.081,4.001,4.019
2022-07-12,4.017,4.035,3.975,3.983
2022-07-13,3.983,4.007,3.961,3.991
2022-07-14,3.989,4.019,3.971,3.993
2022-07-15,3.993,4.029,3.925,3.931
2022-07-18,3.937,3.993,3.911,3.977
2022-07-19,3.979,3.979,3.923,3.957
2022-07-20,3.973,3.989,3.953,3.965
2022-07-21,3.965,3.973,3.921,3.925
2022-07-22,3.931,3.967,3.899,3.925
2022-07-25,3.925,3.925,3.893,3.907
2022-07-26,3.907,3.953,3.905,3.937
2022-07-27,3.933,3.935,3.907,3.917
2022-07-28,3.927,3.967,3.915,3.921
2022-07-29,3.921,3.941,3.859,3.867
2022-08-01,3.861,3.889,3.825,3.879
2022-08-02,3.833,3.859,3.779,3.821
2022-08-03,3.819,3.853,3.763,3.771
2022-08-04,3.783,3.807,3.773,3.799
2022-08-05,3.807,3.867,3.803,3.861
2022-08-08,3.855,3.861,3.837,3.851
2022-08-09,3.851,3.863,3.837,3.857
2022-08-10,3.855,3.861,3.799,3.817
2022-08-11,3.831,3.901,3.823,3.895
2022-08-12,3.895,3.907,3.881,3.895
2022-08-15,3.881,3.923,3.881,3.885
2022-08-16,3.889,3.911,3.869,3.879
2022-08-17,3.881,3.925,3.855,3.915
2022-08-18,3.911,3.915,3.875,3.887
2022-08-19,3.883,3.893,3.857,3.863
2022-08-22,3.859,3.893,3.845,3.879
2022-08-23,3.877,3.893,3.849,3.863
2022-08-24,3.865,3.881,3.785,3.799
2022-08-25,3.801,3.833,3.773,3.827
2022-08-26,3.827,3.845,3.815,3.823
2022-08-29,3.795,3.809,3.777,3.801
2022-08-30,3.799,3.801,3.757,3.789
2022-08-31,3.781,3.827,3.765,3.789
2022-09-01,3.787,3.805,3.759,3.765
2022-09-02,3.779,3.805,3.721,3.743
2022-09-05,3.741,3.741,3.699,3.735
2022-09-06,3.743,3.769,3.729,3.767
2022-09-07,3.761,3.781,3.751,3.769
2022-09-08,3.771,3.779,3.753,3.755
2022-09-09,3.757,3.815,3.757,3.811
2022-09-13,3.813,3.839,3.813,3.821
2022-09-14,3.793,3.805,3.767,3.779
2022-09-15,3.793,3.795,3.721,3.745
2022-09-16,3.725,3.739,3.659,3.663
2022-09-19,3.663,3.673,3.635,3.651
2022-09-20,3.665,3.677,3.643,3.653
2022-09-21,3.649,3.651,3.609,3.625
2022-09-22,3.611,3.625,3.585,3.599
2022-09-23,3.599,3.613,3.561,3.587
2022-09-26,3.571,3.619,3.559,3.565
2022-09-27,3.571,3.619,3.559,3.611
2022-09-28,3.603,3.603,3.559,3.563
2022-09-29,3.579,3.599,3.541,3.561
2022-09-30,3.555,3.579,3.533,3.545
2022-10-10,3.545,3.547,3.453,3.467
2022-10-11,3.467,3.477,3.443,3.463
2022-10-12,3.463,3.513,3.399,3.513
2022-10-13,3.497,3.515,3.477,3.485
2022-10-14,3.521,3.583,3.513,3.563
2022-10-17,3.559,3.571,3.537,3.567
2022-10-18,3.581,3.591,3.555,3.565
2022-10-19,3.563,3.567,3.505,3.507
2022-10-20,3.501,3.541,3.465,3.495
2022-10-21,3.497,3.509,3.467,3.485
2022-10-24,3.487,3.505,3.365,3.389
2022-10-25,3.387,3.415,3.343,3.369
2022-10-26,3.379,3.441,3.373,3.391
2022-10-27,3.409,3.429,3.375,3.379
2022-10-28,3.379,3.381,3.285,3.295
2022-10-31,3.293,3.299,3.239,3.257
2022-11-01,3.263,3.377,3.263,3.375
2022-11-02,3.373,3.437,3.357,3.411
2022-11-03,3.381,3.405,3.369,3.385
2022-11-04,3.383,3.513,3.383,3.501
2022-11-07,3.461,3.521,3.461,3.503
2022-11-08,3.503,3.511,3.463,3.485
2022-11-09,3.487,3.495,3.443,3.447
2022-11-10,3.421,3.441,3.407,3.429
2022-11-11,3.521,3.561,3.483,3.521
2022-11-14,3.541,3.583,3.511,3.521
2022-11-15,3.517,3.599,3.507,3.591
2022-11-16,3.593,3.603,3.557,3.561
2022-11-17,3.559,3.559,3.509,3.551
2022-11-18,3.553,3.571,3.531,3.539
2022-11-21,3.515,3.515,3.471,3.505
2022-11-22,3.503,3.541,3.481,3.507
2022-11-23,3.505,3.529,3.491,3.509
2022-11-24,3.521,3.541,3.487,3.493
2022-11-25,3.491,3.527,3.483,3.511
2022-11-28,3.467,3.479,3.411,3.473
2022-11-29,3.481,3.583,3.481,3.577
2022-11-30,3.577,3.597,3.565,3.575
2022-12-01,3.623,3.669,3.619,3.621
2022-12-02,3.619,3.631,3.597,3.599
2022-12-05,3.641,3.669,3.623,3.667
2022-12-06,3.645,3.709,3.645,3.687
2022-12-07,3.683,3.723,3.665,3.677
2022-12-08,3.677,3.693,3.667,3.685
2022-12-09,3.641,3.725,3.641,3.715
2022-12-12,3.707,3.707,3.671,3.677
2022-12-13,3.677,3.685,3.663,3.669
2022-12-14,3.679,3.693,3.661,3.681
2022-12-15,3.681,3.689,3.653,3.675
2022-12-16,3.667,3.687,3.655,3.677
2022-12-19,3.683,3.693,3.611,3.627
2022-12-20,3.607,3.627,3.547,3.573
2022-12-21,3.571,3.587,3.557,3.567
2022-12-22,3.579,3.609,3.555,3.569
2022-12-23,3.561,3.583,3.545,3.559
2022-12-26,3.561,3.591,3.561,3.581
2022-12-27,3.601,3.625,3.593,3.619
2022-12-28,3.613,3.619,3.591,3.609
2022-12-29,3.591,3.607,3.575,3.591
2022-12-30,3.601,3.625,3.601,3.611
2023-01-03,3.611,3.629,3.565,3.621
2023-01-04,3.619,3.633,3.603,3.623
2023-01-05,3.637,3.699,3.631,3.693
2023-01-06,3.685,3.723,3.685,3.709
2023-01-09,3.717,3.749,3.713,3.735
2023-01-10,3.735,3.753,3.725,3.737
2023-01-11,3.739,3.765,3.731,3.739
2023-01-12,3.737,3.755,3.729,3.743
2023-01-13,3.749,3.801,3.749,3.801
2023-01-16,3.803,3.901,3.803,3.857
2023-01-17,3.861,3.871,3.843,3.853
2023-01-18,3.855,3.869,3.843,3.847
2023-01-19,3.843,3.881,3.823,3.873
2023-01-20,3.881,3.907,3.877,3.901
2023-01-30,3.971,3.979,3.909,3.915
2023-01-31,3.911,3.931,3.869,3.871
2023-02-01,3.877,3.911,3.855,3.909
2023-02-02,3.919,3.919,3.885,3.899
2023-02-03,3.889,3.889,3.821,3.857
2023-02-06,3.821,3.825,3.785,3.801
2023-02-07,3.807,3.825,3.795,3.815
2023-02-08,3.817,3.833,3.791,3.793
2023-02-09,3.791,3.849,3.777,3.843
2023-02-10,3.845,3.845,3.811,3.827
2023-02-13,3.823,3.863,3.807,3.861
2023-02-14,3.861,3.869,3.843,3.867
2023-02-15,3.863,3.877,3.835,3.847
2023-02-16,3.843,3.889,3.791,3.817
2023-02-17,3.813,3.825,3.753,3.759
2023-02-20,3.761,3.859,3.757,3.857
2023-02-21,3.859,3.873,3.837,3.863
2023-02-22,3.841,3.857,3.819,3.827
2023-02-23,3.829,3.849,3.809,3.831
2023-02-24,3.829,3.829,3.771,3.791
2023-02-27,3.763,3.793,3.759,3.771
2023-02-28,3.781,3.801,3.753,3.799
2023-03-01,3.797,3.859,3.787,3.847
2023-03-02,3.847,3.859,3.835,3.843
2023-03-03,3.847,3.859,3.823,3.849
2023-03-06,3.849,3.851,3.807,3.825
2023-03-07,3.823,3.843,3.771,3.775
2023-03-08,3.769,3.769,3.741,3.759
2023-03-09,3.765,3.765,3.723,3.749
2023-03-10,3.723,3.737,3.697,3.699
2023-03-13,3.701,3.739,3.699,3.733
2023-03-14,3.733,3.733,3.679,3.713
2023-03-15,3.727,3.747,3.711,3.713
2023-03-16,3.683,3.709,3.663,3.669
2023-03-17,3.691,3.735,3.671,3.693
2023-03-20,3.693,3.707,3.661,3.669
2023-03-21,3.675,3.711,3.675,3.707
2023-03-22,3.713,3.739,3.711,3.723
2023-03-23,3.705,3.763,3.705,3.763
2023-03-24,3.763,3.763,3.743,3.755
2023-03-27,3.753,3.753,3.717,3.737
2023-03-28,3.737,3.747,3.723,3.729
2023-03-29,3.733,3.749,3.723,3.729
2023-03-30,3.731,3.767,3.711,3.765
2023-03-31,3.767,3.787,3.765,3.777
2023-04-03,3.777,3.815,3.777,3.805
2023-04-04,3.815,3.825,3.799,3.823
2023-04-06,3.821,3.821,3.801,3.817
2023-04-07,3.817,3.881,3.815,3.841
2023-04-10,3.849,3.853,3.825,3.827
2023-04-11,3.831,3.839,3.805,3.821
2023-04-12,3.817,3.825,3.809,3.821
2023-04-13,3.813,3.813,3.787,3.795
2023-04-14,3.809,3.819,3.799,3.815
2023-04-17,3.815,3.869,3.811,3.867
2023-04-18,3.869,3.885,3.863,3.877
2023-04-19,3.879,3.879,3.841,3.843
2023-04-20,3.843,3.845,3.813,3.827
2023-04-21,3.825,3.833,3.755,3.757
2023-04-24,3.757,3.761,3.699,3.713
2023-04-25,3.717,3.725,3.661,3.697
2023-04-26,3.697,3.705,3.671,3.691
2023-04-27,3.691,3.733,3.679,3.721
2023-04-28,3.721,3.757,3.721,3.755
2023-05-04,3.733,3.759,3.725,3.755
2023-05-05,3.757,3.769,3.721,3.743
2023-05-08,3.747,3.791,3.743,3.781
2023-05-09,3.781,3.813,3.751,3.753
2023-05-10,3.747,3.753,3.717,3.725
2023-05-11,3.731,3.743,3.715,3.719
2023-05-12,3.717,3.729,3.665,3.667
2023-05-15,3.671,3.729,3.661,3.729
2023-05-16,3.735,3.735,3.701,3.711
2023-05-17,3.707,3.717,3.681,3.693
2023-05-18,3.697,3.717,3.675,3.691
2023-05-19,3.687,3.701,3.665,3.685
2023-05-22,3.687,3.723,3.669,3.705
2023-05-23,3.705,3.709,3.647,3.651
2023-05-24,3.647,3.649,3.599,3.601
2023-05-25,3.597,3.603,3.559,3.589
2023-05-26,3.589,3.603,3.559,3.595
2023-05-29,3.611,3.613,3.561,3.577
2023-05-30,3.575,3.587,3.535,3.581
2023-05-31,3.577,3.577,3.529,3.549
2023-06-01,3.549,3.583,3.537,3.553
2023-06-02,3.571,3.613,3.567,3.605
2023-06-05,3.607,3.607,3.577,3.589
2023-06-06,3.593,3.615,3.553,3.557
2023-06-07,3.565,3.573,3.531,3.543
2023-06-08,3.543,3.587,3.531,3.569
2023-06-09,3.573,3.589,3.565,3.585
2023-06-12,3.585,3.611,3.571,3.593
2023-06-13,3.587,3.623,3.585,3.617
2023-06-14,3.613,3.647,3.613,3.623
2023-06-15,3.633,3.683,3.629,3.681
2023-06-16,3.693,3.725,3.679,3.717
2023-06-19,3.721,3.721,3.681,3.689
2023-06-20,3.687,3.699,3.677,3.681
2023-06-21,3.675,3.681,3.631,3.633
2023-06-26,3.621,3.621,3.575,3.587
2023-06-27,3.587,3.621,3.581,3.615
2023-06-28,3.615,3.623,3.583,3.621
2023-06-29,3.615,3.619,3.591,3.603
2023-06-30,3.599,3.639,3.597,3.627
2023-07-03,3.635,3.677,3.635,3.667
2023-07-04,3.657,3.679,3.657,3.673
2023-07-05,3.673,3.677,3.647,3.653
2023-07-06,3.641,3.663,3.617,3.623
2023-07-07,3.615,3.631,3.603,3.613
2023-07-10,3.627,3.651,3.615,3.627
2023-07-11,3.631,3.657,3.631,3.651
2023-07-12,3.657,3.663,3.625,3.635
2023-07-13,3.649,3.697,3.649,3.693
2023-07-14,3.701,3.707,3.689,3.693
2023-07-17,3.685,3.685,3.653,3.667
2023-07-18,3.667,3.673,3.649,3.663
2023-07-19,3.661,3.667,3.639,3.659
2023-07-20,3.661,3.681,3.625,3.631
2023-07-21,3.631,3.659,3.619,3.631
2023-07-24,3.629,3.641,3.609,3.615
2023-07-25,3.661,3.723,3.661,3.723
2023-07-26,3.719,3.721,3.701,3.719
2023-07-27,3.721,3.739,3.701,3.713
2023-07-28,3.697,3.809,3.693,3.803
2023-07-31,3.825,3.873,3.809,3.819
2023-08-01,3.811,3.839,3.791,3.803
2023-08-02,3.797,3.817,3.765,3.775
2023-08-03,3.769,3.809,3.769,3.809
2023-08-04,3.835,3.865,3.815,3.827
2023-08-07,3.813,3.813,3.785,3.795
2023-08-08,3.781,3.811,3.771,3.783
2023-08-09,3.779,3.791,3.771,3.775
2023-08-10,3.777,3.787,3.751,3.781
2023-08-11,3.789,3.789,3.689,3.689
2023-08-14,3.651,3.675,3.627,3.665
2023-08-15,3.667,3.679,3.627,3.663
2023-08-16,3.655,3.665,3.633,3.635
2023-08-17,3.621,3.653,3.601,3.647
2023-08-18,3.643,3.657,3.595,3.597
2023-08-21,3.591,3.599,3.545,3.545
2023-08-22,3.557,3.585,3.523,3.571
2023-08-23,3.561,3.569,3.515,3.527
2023-08-24,3.533,3.567,3.521,3.541
2023-08-25,3.527,3.555,3.517,3.533
2023-08-28,3.777,3.781,3.561,3.581
2023-08-29,3.573,3.633,3.563,3.605
2023-08-30,3.615,3.631,3.599,3.607
2023-08-31,3.607,3.613,3.579,3.587
2023-09-01,3.601,3.629,3.599,3.609
2023-09-04,3.631,3.671,3.619,3.663
2023-09-05,3.659,3.659,3.629,3.637
2023-09-06,3.627,3.637,3.611,3.629
2023-09-07,3.623,3.623,3.573,3.577
2023-09-08,3.567,3.573,3.543,3.559
2023-09-11,3.557,3.607,3.553,3.583
2023-09-12,3.581,3.595,3.571,3.581
2023-09-13,3.581,3.589,3.537,3.555
2023-09-14,3.555,3.567,3.537,3.555
2023-09-15,3.565,3.569,3.523,3.537
2023-09-18,3.535,3.561,3.513,3.551
2023-09-19,3.549,3.549,3.523,3.543
2023-09-20,3.537,3.543,3.529,3.529
2023-09-21,3.523,3.533,3.493,3.495
2023-09-22,3.481,3.567,3.481,3.565
2023-09-25,3.557,3.559,3.533,3.537
2023-09-26,3.535,3.545,3.515,3.519
2023-09-27,3.517,3.553,3.515,3.529
2023-09-28,3.535,3.543,3.507,3.515
2023-10-09,3.509,3.517,3.465,3.505
2023-10-10,3.513,3.527,3.477,3.481
2023-10-11,3.497,3.513,3.481,3.489
2023-10-12,3.521,3.535,3.505,3.525
2023-10-13,3.501,3.505,3.479,3.487
2023-10-16,3.487,3.491,3.441,3.449
2023-10-17,3.455,3.467,3.443,3.461
2023-10-18,3.459,3.459,3.429,3.429
2023-10-19,3.419,3.423,3.361,3.367
2023-10-20,3.361,3.363,3.331,3.343
2023-10-23,3.337,3.357,3.277,3.343
2023-10-24,3.331,3.331,3.283,3.315
2023-10-25,3.353,3.365,3.331,3.335
2023-10-26,3.313,3.347,3.311,3.347
2023-10-27,3.333,3.407,3.327,3.395
2023-10-30,3.379,3.425,3.379,3.413
2023-10-31,3.411,3.413,3.383,3.407
2023-11-01,3.425,3.433,3.391,3.401
2023-11-02,3.407,3.427,3.385,3.387
2023-11-03,3.389,3.425,3.389,3.413
2023-11-06,3.433,3.463,3.429,3.457
2023-11-07,3.453,3.459,3.433,3.447
2023-11-08,3.443,3.453,3.415,3.437
2023-11-09,3.431,3.451,3.425,3.443
2023-11-10,3.429,3.429,3.401,3.413
2023-11-13,3.415,3.425,3.391,3.409
2023-11-14,3.411,3.429,3.395,3.411
2023-11-15,3.441,3.449,3.423,3.439
2023-11-16,3.435,3.435,3.399,3.401
2023-11-17,3.395,3.399,3.377,3.395
2023-11-20,3.395,3.417,3.371,3.407
2023-11-21,3.417,3.445,3.401,3.411
2023-11-22,3.403,3.405,3.373,3.375
2023-11-23,3.371,3.393,3.357,3.391
2023-11-24,3.385,3.385,3.361,3.369
2023-11-27,3.361,3.365,3.321,3.347
2023-11-28,3.343,3.353,3.331,3.349
2023-11-29,3.351,3.353,3.311,3.325
2023-11-30,3.323,3.339,3.313,3.327
2023-12-01,3.329,3.329,3.285,3.315
2023-12-04,3.315,3.321,3.287,3.289
2023-12-05,3.285,3.285,3.225,3.229
2023-12-06,3.223,3.251,3.215,3.233
2023-12-07,3.229,3.239,3.203,3.227
2023-12-08,3.227,3.245,3.219,3.233
2023-12-11,3.221,3.265,3.187,3.255
2023-12-12,3.243,3.265,3.243,3.263
2023-12-13,3.259,3.259,3.203,3.207
2023-12-14,3.223,3.237,3.183,3.189
2023-12-15,3.199,3.225,3.173,3.183
2023-12-18,3.175,3.191,3.151,3.171
2023-12-19,3.171,3.185,3.151,3.173
2023-12-20,3.175,3.181,3.139,3.141
2023-12-21,3.131,3.183,3.127,3.171
2023-12-22,3.169,3.201,3.153,3.179
2023-12-25,3.179,3.193,3.173,3.187
2023-12-26,3.189,3.189,3.157,3.167
2023-12-27,3.169,3.183,3.153,3.177
2023-12-28,3.175,3.265,3.171,3.257
2023-12-29,3.257,3.273,3.251,3.267
2024-01-02,3.271,3.271,3.221,3.221
2024-01-03,3.219,3.231,3.201,3.215
2024-01-04,3.213,3.215,3.161,3.187
2024-01-05,3.179,3.211,3.151,3.169
2024-01-08,3.163,3.175,3.121,3.125
2024-01-09,3.127,3.147,3.115,3.137
2024-01-10,3.127,3.155,3.111,3.117
2024-01-11,3.117,3.155,3.109,3.135
2024-01-12,3.127,3.153,3.121,3.123
2024-01-15,3.111,3.151,3.103,3.121
2024-01-16,3.119,3.143,3.101,3.141
2024-01-17,3.133,3.135,3.061,3.063
2024-01-18,3.059,3.125,3.013,3.117
2024-01-19,3.099,3.131,3.091,3.115
2024-01-22,3.111,3.125,3.039,3.053
2024-01-23,3.047,3.091,3.031,3.073
2024-01-24,3.089,3.131,3.031,3.129
2024-01-25,3.117,3.185,3.111,3.181
2024-01-26,3.173,3.191,3.157,3.173
2024-01-29,3.177,3.191,3.141,3.143
2024-01-30,3.127,3.143,3.083,3.085
2024-01-31,3.075,3.095,3.041,3.067
2024-02-01,3.047,3.095,3.035,3.061
2024-02-02,3.065,3.079,2.949,3.033
2024-02-05,3.001,3.089,2.959,3.041
2024-02-06,3.021,3.159,3.021,3.149
2024-02-07,3.151,3.187,3.133,3.181
2024-02-08,3.197,3.211,3.179,3.203
2024-02-19,3.219,3.239,3.199,3.231
2024-02-20,3.227,3.253,3.217,3.243
2024-02-21,3.229,3.337,3.223,3.287
2024-02-22,3.285,3.319,3.283,3.317
2024-02-23,3.317,3.339,3.305,3.319
2024-02-26,3.319,3.323,3.277,3.285
2024-02-27,3.271,3.327,3.271,3.325
2024-02-28,3.327,3.355,3.285,3.285
2024-02-29,3.281,3.349,3.277,3.343
2024-03-01,3.345,3.381,3.335,3.371
2024-03-04,3.365,3.377,3.349,3.373
2024-03-05,3.355,3.407,3.351,3.395
2024-03-06,3.389,3.411,3.379,3.383
2024-03-07,3.383,3.401,3.355,3.367
2024-03-08,3.365,3.381,3.343,3.375
2024-03-11,3.373,3.423,3.371,3.421
2024-03-12,3.419,3.437,3.407,3.429
2024-03-13,3.427,3.427,3.395,3.405
2024-03-14,3.401,3.427,3.377,3.395
2024-03-15,3.385,3.407,3.363,3.401
2024-03-18,3.405,3.437,3.401,3.435
2024-03-19,3.431,3.441,3.409,3.411
2024-03-20,3.405,3.423,3.401,3.411
2024-03-21,3.421,3.433,3.405,3.411
2024-03-22,3.409,3.409,3.353,3.377
2024-03-25,3.367,3.397,3.359,3.367
2024-03-26,3.365,3.383,3.353,3.373
2024-03-27,3.369,3.377,3.335,3.337
2024-03-28,3.335,3.385,3.325,3.353
2024-03-29,3.351,3.373,3.347,3.367
2024-04-01,3.379,3.435,3.379,3.425
2024-04-02,3.423,3.427,3.401,3.413
2024-04-03,3.411,3.413,3.389,3.399
2024-04-08,3.391,3.397,3.365,3.369
2024-04-09,3.369,3.377,3.353,3.365
2024-04-10,3.365,3.365,3.323,3.341
2024-04-11,3.325,3.355,3.319,3.337
2024-04-12,3.333,3.347,3.301,3.307
2024-04-15,3.303,3.387,3.303,3.383
2024-04-16,3.371,3.377,3.335,3.347
2024-04-17,3.345,3.399,3.333,3.395
2024-04-18,3.387,3.435,3.383,3.397
2024-04-19,3.389,3.395,3.361,3.375
2024-04-22,3.377,3.395,3.359,3.367
2024-04-23,3.371,3.371,3.337,3.341
2024-04-24,3.345,3.361,3.331,3.355
2024-04-25,3.347,3.379,3.337,3.363
2024-04-26,3.365,3.425,3.365,3.413
2024-04-29,3.425,3.479,3.413,3.457
2024-04-30,3.457,3.463,3.439,3.441
2024-05-06,3.483,3.505,3.477,3.489
2024-05-07,3.485,3.497,3.479,3.491
2024-05-08,3.485,3.485,3.459,3.463
2024-05-09,3.461,3.501,3.461,3.495
2024-05-10,3.501,3.509,3.471,3.499
2024-05-13,3.477,3.505,3.461,3.495
2024-05-14,3.495,3.509,3.479,3.487
2024-05-15,3.489,3.491,3.459,3.465
2024-05-16,3.469,3.493,3.461,3.477
2024-05-17,3.471,3.521,3.463,3.517
2024-05-20,3.515,3.539,3.511,3.525
2024-05-21,3.517,3.523,3.499,3.511
2024-05-22,3.511,3.529,3.503,3.521
2024-05-23,3.515,3.515,3.473,3.483
2024-05-24,3.475,3.491,3.439,3.443
2024-05-27,3.445,3.475,3.443,3.473
2024-05-28,3.473,3.475,3.443,3.451
2024-05-29,3.451,3.475,3.443,3.451
2024-05-30,3.445,3.467,3.429,3.439
2024-05-31,3.443,3.457,3.423,3.425
2024-06-03,3.421,3.441,3.407,3.429
2024-06-04,3.427,3.465,3.421,3.455
2024-06-05,3.451,3.465,3.439,3.439
2024-06-06,3.441,3.471,3.425,3.441
2024-06-07,3.441,3.453,3.399,3.421
2024-06-11,3.413,3.413,3.377,3.393
2024-06-12,3.387,3.399,3.379,3.391
2024-06-13,3.395,3.401,3.371,3.379
2024-06-14,3.375,3.405,3.361,3.395
2024-06-17,3.383,3.395,3.379,3.387
2024-06-18,3.391,3.407,3.385,3.395
2024-06-19,3.397,3.405,3.383,3.387
2024-06-20,3.385,3.395,3.361,3.365
2024-06-21,3.367,3.369,3.337,3.361
2024-06-24,3.343,3.369,3.337,3.341
2024-06-25,3.341,3.349,3.303,3.321
2024-06-26,3.311,3.351,3.309,3.343
2024-06-27,3.337,3.341,3.317,3.323
2024-06-28,3.313,3.357,3.313,3.331
2024-07-01,3.329,3.351,3.313,3.343
2024-07-02,3.339,3.355,3.333,3.341
2024-07-03,3.339,3.345,3.325,3.335
2024-07-04,3.337,3.353,3.317,3.319
2024-07-05,3.317,3.323,3.273,3.305
2024-07-08,3.295,3.303,3.271,3.281
2024-07-09,3.277,3.327,3.263,3.315
2024-07-10,3.309,3.325,3.305,3.307
2024-07-11,3.335,3.363,3.323,3.353
2024-07-12,3.353,3.371,3.349,3.363
2024-07-15,3.357,3.375,3.355,3.367
2024-07-16,3.361,3.399,3.359,3.393
2024-07-17,3.391,3.413,3.381,3.401
2024-07-18,3.391,3.423,3.377,3.421
2024-07-19,3.409,3.449,3.397,3.437
2024-07-22,3.437,3.441,3.395,3.413
2024-07-23,3.409,3.413,3.343,3.345
2024-07-24,3.339,3.355,3.309,3.325
2024-07-25,3.309,3.321,3.287,3.301
2024-07-26,3.305,3.329,3.299,3.321
2024-07-29,3.317,3.319,3.297,3.299
2024-07-30,3.291,3.293,3.263,3.279
2024-07-31,3.275,3.357,3.273,3.353
2024-08-01,3.353,3.361,3.325,3.329
2024-08-02,3.309,3.329,3.287,3.293
2024-08-05,3.277,3.321,3.253,3.255
2024-08-06,3.273,3.289,3.229,3.253
2024-08-07,3.247,3.273,3.239,3.251
2024-08-08,3.245,3.277,3.231,3.253
2024-08-09,3.263,3.277,3.241,3.241
2024-08-12,3.239,3.251,3.231,3.239
2024-08-13,3.239,3.245,3.221,3.243
2024-08-14,3.241,3.243,3.217,3.219
2024-08-15,3.217,3.269,3.213,3.255
2024-08-16,3.251,3.271,3.247,3.259
2024-08-19,3.257,3.291,3.255,3.267
2024-08-20,3.271,3.275,3.235,3.249
2024-08-21,3.241,3.253,3.223,3.235
2024-08-22,3.235,3.245,3.219,3.227
2024-08-23,3.225,3.253,3.223,3.241
2024-08-26,3.243,3.253,3.227,3.241
2024-08-27,3.237,3.237,3.217,3.227
2024-08-28,3.219,3.225,3.193,3.205
2024-08-29,3.197,3.211,3.189,3.195
2024-08-30,3.193,3.273,3.193,3.243
2024-09-02,3.235,3.235,3.181,3.183
2024-09-03,3.181,3.201,3.179,3.189
2024-09-04,3.175,3.193,3.169,3.171
2024-09-05,3.175,3.187,3.167,3.175
2024-09-06,3.181,3.193,3.147,3.151
2024-09-09,3.139,3.143,3.097,3.111
2024-09-10,3.111,3.125,3.087,3.113
2024-09-11,3.103,3.117,3.091,3.105
2024-09-12,3.107,3.123,3.091,3.095
2024-09-13,3.095,3.109,3.077,3.079
2024-09-18,3.079,3.101,3.065,3.089
2024-09-19,3.093,3.137,3.069,3.115
2024-09-20,3.113,3.131,3.091,3.119
2024-09-23,3.119,3.152,3.114,3.133
2024-09-24,3.169,3.276,3.143,3.274
2024-09-25,3.330,3.387,3.315,3.322
2024-09-26,3.312,3.488,3.312,3.484
2024-09-27,3.542,3.725,3.520,3.628
2024-09-30,3.820,3.999,3.720,3.999
2024-10-08,4.407,4.407,4.035,4.203
2024-10-09,4.110,4.117,3.839,3.854
2024-10-10,3.885,4.029,3.837,3.924
2024-10-11,3.913,3.913,3.766,3.817
2024-10-14,3.824,3.900,3.785,3.881
2024-10-15,3.856,3.886,3.773,3.775
2024-10-16,3.748,3.802,3.726,3.748
2024-10-17,3.765,3.803,3.705,3.706
2024-10-18,3.703,3.968,3.690,3.856
2024-10-21,3.890,3.897,3.820,3.859
2024-10-22,3.845,3.884,3.840,3.878
2024-10-23,3.875,3.933,3.860,3.893
2024-10-24,3.879,3.879,3.833,3.849
2024-10-25,3.849,3.912,3.844,3.878
2024-10-28,3.880,3.884,3.839,3.883
2024-10-29,3.892,3.917,3.842,3.852
2024-10-30,3.837,3.851,3.787,3.814
2024-10-31,3.805,3.845,3.779,3.812
2024-11-01,3.811,3.856,3.802,3.820
2024-11-04,3.820,3.873,3.812,3.870
2024-11-05,3.860,3.973,3.850,3.971
2024-11-06,3.973,4.015,3.923,3.947
2024-11-07,3.925,4.079,3.913,4.078
2024-11-08,4.097,4.116,4.013,4.024
2024-11-11,3.992,4.053,3.967,4.047
2024-11-12,4.046,4.101,3.980,4.004
2024-11-13,3.982,4.039,3.980,4.029
2024-11-14,4.025,4.036,3.955,3.959
2024-11-15,3.951,3.970,3.893,3.896
2024-11-18,3.910,3.954,3.855,3.877
2024-11-19,3.881,3.899,3.820,3.897
2024-11-20,3.885,3.923,3.877,3.906
2024-11-21,3.898,3.921,3.889,3.912
2024-11-22,3.906,3.913,3.790,3.797
2024-11-25,3.797,3.813,3.738,3.775
2024-11-26,3.762,3.801,3.757,3.765
2024-11-27,3.762,3.833,3.744,3.829
2024-11-28,3.825,3.831,3.790,3.800
2024-11-29,3.798,3.885,3.796,3.840
2024-12-02,3.840,3.882,3.830,3.870
2024-12-03,3.870,3.890,3.845,3.873
2024-12-04,3.869,3.881,3.845,3.856
2024-12-05,3.849,3.861,3.834,3.847
2024-12-06,3.846,3.922,3.846,3.895
2024-12-09,3.890,3.920,3.870,3.893
2024-12-10,4.050,4.050,3.912,3.922
2024-12-11,3.918,3.932,3.901,3.913
2024-12-12,3.917,3.959,3.905,3.951
2024-12-13,3.929,3.929,3.854,3.861
2024-12-16,3.859,3.862,3.827,3.838
